地名,地名ID,英文地名,去过人数,描述,当地top1,当地top2,当地top3
香港,1,Hongkong,40451,香港，英文名为Hong Kong。它是一个充满诱惑感的城市，是全球最富裕、经济最发达和生活水平最高的地区之一，是“亚洲四小龙”之一，是国际金融商贸中心之一，是世界大都会之一，然而除了这散发着金钱味道的“第一”后面，香港还150年惊心动魄的巨变，有着中西合璧的丰富文化，有着一颗容纳种族、语言、地域的包容之心。,香港迪士尼乐园,香港海洋公园,香港太平山顶
北京,2,Beijing,65349,北京，位于华北平原，有着三千余年的建城史和八百五十余年的建都史。北京是中华人民共和国首都、中央直辖市、中国国家中心城市，也是中国政治、文化、教育和国际交流中心。是一座传统与现代交融的城市。这里既有古典风韵，又具时尚气息。,故宫,颐和园,天安门广场
厦门,3,Xiamen,45796,厦门又名鹭岛，是福建省下辖的一个副省级城市，位于福建东南部，闽南地区。厦门市是中华人民共和国15个副省级城市之一，享有省级经济管理权限并拥有地方立法权；既是中国最早实行对外开放政策的四个经济特区之一，又是十个国家综合配套改革试验区之一（即“新特区”）。厦门和金门对望，是大陆距离台湾最近的地方。,厦门大学,鼓浪屿,南普陀寺
上海,4,Shanghai,63559,上海是中国大陆第一大城市；四个中央直辖市之一；是中国大陆的经济、金 融、贸易和航运中心。上海位于中国大陆海岸线中部的长江口。上海是一座极具现代化而又不失中国传统特色的都市。有超过 2000万人居住和生活在上海地区，其中大部分属汉族江浙民系，通行吴语上海话。上海创造和打破了中国世界纪录协会多项世界之最、中国之最。,外滩,田子坊,上海迪士尼乐园
三亚,5,SanYa,33108,三亚市位于海南岛的最南端，因三亚河（古名临川水）有三亚，东西2河至此会合，成“丫”字形，故取名“三亚”，陆地总面积1919.58平方公里，其中规划市区面积约37平方公里。美丽的三亚市是中国通向世界的门户之一，三亚是海南省南部的中心城市和交通通信枢纽，是中国东南沿海对外开放黄金海岸线上最南端的对外贸易重要口岸，三亚拥有亚龙湾、天涯海角游览区、南山文化旅游区、大小洞天风景区、大东海风景区、鹿回头公园、三亚湾风景区、落笔洞游览区及西岛、蜈支洲岛海上乐园等著名景点。,蜈支洲岛,亚龙湾热带天堂森林公园,南山文化旅游区
成都,6,Chengdu,41460,成都位于中国西南地区。地处全川中心，是四川省政治、经济、文化的核心。成都别称“蓉城”，平原沃野千里，依仗都江堰的水利工程，自古以来富足丰饶，拥“天府之国”之美誉。成都的茶馆之多或可称得上世界之最。成都夜生活实在丰富，完全符合“不夜城”的称号。,成都大熊猫繁育研究基地,宽窄巷子,都江堰景区
丽江,7,Lijiang,38370,丽江是一个纳西文化和汉族文化的综合体，位于云南省西北部云贵高原与青藏高原的连接部位。古城内小桥流水，两旁民居建筑布局错落有致，既有高原水城风貌，又有南方水乡韵味。在古城里，只需慢慢闲逛即可，那些古朴的院落民居、条条小巷、青石板路都精致独到。,泸沽湖,丽江古城,玉龙雪山
西安,8,Xi'an,38094,西安是陕西省省会，兼具现代感和历史感，世界四大文明古都（西安、罗马、开罗、雅典）之一。西安历史悠久，文化积淀非常厚重。 西安周围有120多座帝王陵墓围绕，有着“天然历史博物馆”的美誉，兵马俑坑被誉为“世界第八大奇迹”，秦始皇陵为最早列入世界遗产名录的中国遗迹，古城墙也是至今世界上保存最完整、规模最宏大的古城墙遗址。,西安古城墙,秦始皇兵马俑博物馆,陕西历史博物馆
重庆,9,ChongQing,30860,重庆市位于中国内陆西南部、长江上游。重庆四面环山，依山而建，又有长江和嘉陵江在此交汇，别名江城，又称山城。四川盆地东南部，为北京、天津、上海三市总面积的2.39倍，是中国面积最大的城市。重庆别称山城、渝都、雾都、桥都，中华人民共和国直辖市，国家中心城市，长江上游地区经济中心和金融中心。,洪崖洞,武隆天生三桥,磁器口古镇
杭州,10,Hangzhou City,53977,杭州简称杭，位于中国东南沿海北部，“上有天堂、下有苏杭”，表达了古往今来的人们对于这座美丽城市的由衷赞美。“天堂”中不仅有美景，更有无尽的闲情逸致。杭州是中国七大古都之一。杭州不但神秀所钟，风景如画，而且人文旅游资源也极其丰富。历代文人骚客在杭州留下了丰富的历史遗迹和诗书绘画。,杭州西湖,灵隐禅踪(灵隐寺),千岛湖风景区
广州,11,guangzhou,37061,广州地处华南，广东省的东南部，隔海与香港、澳门特别行政区相望，地理位置优越，是“海上丝绸之路”的起点之一，被称为中国的“南大门”。广州是于上海、北京之后的中国大陆经济规模第三大的城市，与北京、上海并称北上广。粤语、鲜花、粥品靓汤，是个休闲的好地方。,沙面,广州塔(小蛮腰),石室圣心大教堂
大理,12,Dali,28694,大理白族自治州地处云南省中部偏西，东巡洱海，西及点苍山脉，是中国西南边疆开发较早的地区之一。地处低纬高原，四季温差不大，常年气候温和，土地肥沃，以秀丽山水和少数民族风情闻名于世，境内以蝴蝶泉、洱海、崇圣寺三塔等景点最有代表性。,大理古城,洱海,苍山
台北,13,Taipei,13012,来台北，能看的不止是雨，哪怕是花草，都让人觉得精致无比。现代与传统，时尚与怀旧，激情与慢热，繁华与安静，各种矛盾的词汇道不尽这座淡水河边的台湾第一大城市。所以背好行囊，带上相机出发探索台北吧！,101大楼,台北故宫博物院,中正纪念堂
澳门,14,Macao,24608,澳门是世界四大赌城之一，是世界上人口最密集的地方之一。澳门是中国所辖的一个特别行政区，400年中西文化的磨合，成就了今日的澳门。澳门自秦朝起已经为中国领土，从明朝开始被葡萄牙人逐渐侵占。直至1999年12月20日葡萄牙结束对澳门的统治，中华人民共和国政府恢复对澳门行使主权，成立澳门特别行政区。,大三巴牌坊,澳门渔人码头,澳门旅游塔
哈尔滨,15,Harbin,20280,哈尔滨是中国黑龙江省省会，是中国东北北部政治、经济、文化中心，也是中国省辖市中面积最大、人口居第二位的特大城市。特殊的历史进程和地理位置造就了哈尔滨这座具有异国情调的美丽都市，素有“东方莫斯科”的美称。哈尔滨还是世界冰雪文化的发源地之一。,冰雪大世界,圣・索菲亚大教堂,亚布力阳光度假村
南京,16,Nanjing,40825,南京是中国著名的四大古都及历史文化名城之一。是华东地区第二大城市，江苏省第一大城市，国家历史文化名城，现代服务中心、现代服务业基地和先进制造业基地，长江航运物流中心，滨江生态宜居城市，长三角辐射带动中西部地区发展的重要门户城市。,夫子庙-秦淮风光带,明孝陵,南京总统府景区
青岛,17,Qingdao,34666,青岛位于山东半岛南端，是中国东部沿海地区重要的交通枢纽和海外游客入出中国的主要口岸，世界性区域贸易中心，东北亚国际航运中心，山、海、城相融相拥的城市，成为中国最优美的海滨风景带。青岛拥有国际性海港和区域性枢纽空港。,八大关景区,青岛崂山风景区,栈桥
苏州,18,Suzhou,40660,苏州是江苏重要的经济、对外贸易、工商业和物流中心，也是重要的文化、艺术、教育和交通中心。苏州物华天宝，人杰地灵，被誉为“人间天堂”，素来以山水 秀丽、园林典雅而闻名天下，有“江南园林甲天下，苏州园林甲江南”的美称，又因其小桥流水人家的水乡古城特色，而有“东方威尼斯”美誉。,拙政园,周庄古镇,同里古镇
桂林,19,Guilin City,25112,桂林是世界著名的风景游览城市和历史文化名城，享有山水甲天下之美誉。桂林是广西壮族自治区最重要的旅游城市，地处广西壮族自治区东北部。桂林风景秀丽，有以漓江风光和喀斯特地貌为代表的山水景观，“千峰环野立，一水抱城流”，景在城中，城在景中，是桂林独有的魅力。此外，桂林还有壮、瑶、苗、侗等十多个少数民族独特的民俗风情文化。,龙脊梯田,遇龙河,漓江
昆明,20,Kunming,33562,昆明的西山犹如睡美人般静卧与滇池之上，大观楼上的长联，述写出五百里滇池的波澜壮阔，金殿里陈圆圆的雕像屹立于湖心，历经百年沧桑风雨，物是人非，徒留一句“冲冠一怒为红颜”的感叹，自古英雄难过美人关，一代枭雄吴三桂也终究拜倒在美女的裙裾之下。,石林国家地质公园,滇池风景区(海埂公园),东川红土地景区
深圳,21,Shenzhen,33063,深圳，又称为“鹏城”，位于珠江三角洲东岸，与香港一水之隔。是中国最早的经济特区和计划单列 市，创造过“深圳速度”，中国政府将其视为改革开放的“试验田”及展示改革开放成果的窗口。深圳是中国的移民城市，外来人口增长快、比例高， 语言、文化复杂、多样，治安、社会问题也非常突出。,东部华侨城,世界之窗,西涌
黄山,22,Mount Huang,19703,黄山市以境内山岳“黄山”之名设立地级市，其境与绩溪县、婺源县共同构成的古徽州地区创造了中华三大地域文化之一的徽文化，孕育了明清商界闻名达500余年的徽商。境内的黄山为道教圣地，遗址遗迹众多，列中华十大名山的第二位，有“天下第一奇山”之美誉。除黄山外，还有齐云山、西递宏村、屯溪老街、花山迷窟、徽州古城等著名景点，是休闲旅游的理想之地。,黄山风景区,宏村风景区,西海梦幻景区
张家界,23,zhang jiajie,17047,张家界位于湖南西北部，保存着完好的青石板路及古民居。澧水中上游，属武陵山脉腹地，为中国最重要的旅游城市之一。张家界旅游资源丰富。大自然的鬼斧神工，造就了美妙绝伦的张家界景观，长居水泥森林之中，到此地所感受到的美妙，难以用言辞表达。 有土家族民族特色和两千多年历史文化的古镇，至今仍保存完好。,张家界国家森林公园,张家界天门山景区,金鞭溪
拉萨,24,Lhasa,15508,拉萨，在藏语中为“圣地”或“佛地”之意，长期以来就是西藏政治、经济、文化、宗教的中心。虔诚的朝拜者，刻着经文的转经筒，金碧辉煌的布达拉宫，云雾缭绕的唐古拉山，湛蓝如洗的天空，神秘而深厚的宗教文化，干净而原始的自然风景，以及被众多背包客盛赞为“净化心灵”的城市力量，吸引着越来越多的游客前往拉萨。,布达拉宫,纳木错,大昭寺
武汉,25,Wuhan,26596,武汉简称“汉”，湖北省省会，世界第三大河长江及其最长支流汉江横贯市区，将武汉一分为三，形成武昌、汉口、汉阳三镇跨江鼎立的格局。武汉是中国15个副省级城市之一，全国七大中心城 市之一，全市常住人口858万人。武汉是华中地区最大都市，华中金融中心、交通中心、文化中心，长江中下游特大城市，是武汉城市圈的中心城市。,武汉大学,黄鹤楼,湖北省博物馆
青海湖,26,Qinghai Lake,13459,青海湖是中国最大的内陆高原湖泊，也是中国最大的咸水湖，由祁连山的大通山、日月山与青海南山之间的断层陷落形成。青海湖的蒙古语为“库库诺尔”，藏语为“错温布”，都意为：青色的海。青海湖湖水干净、清澈，附近景区沿湖分布，以原子城（西海镇）为起点，主要景区为日月山、沙岛、151基地（二郎剑景区）、鸟岛、金银滩草原。,茶卡盐湖,黑马河乡,祁连山草原
九寨沟,27,Jiuzhaigou Valley,19665,九寨沟位于四川省阿坝藏族羌族自治州九寨沟县漳扎镇，沟内分布108个湖泊。九寨沟四季景色迷人。动植物资源丰富，种类繁多，原始森林遍布，栖息着大熊猫等十多种稀有和珍贵野生动物。被誉为“美丽的童话世界”。 水是九寨沟景观的主角。碧绿晶莹的溪水好似项链般穿插于森林与浅滩之间。色彩斑斓的湖泊和气势宏伟的瀑布令人目不暇接。,五花海,九寨沟五彩池,珍珠滩瀑布
天津,28,Tianjin,32801,天津，中华人民共和国直辖市。位于环渤海经济圈的中心，是中国北方最大的沿海开放城市、近代北方最早对外开放的沿海城市之一，天津还是中国第二大工商业城市和北方最大的金融商贸中心，建有大型港口和工业基地，天津有“万国建筑博览会”之称，是中国近代工业的发源地。,天津之眼,五大道,意大利风情街
长沙,29,Changsha,23048,长沙为湖南省省会，位于湖南省东部，湘江下游长浏盆地西缘。长沙市南接株洲市和湘潭市，西抵娄底市，北达岳阳市、益阳市，东挨江西省宜春市、萍乡市。有风景独秀“霜叶红于二月花”的岳麓山，有水洲相拥“春来江水绿如蓝”的湘江；有在海内外享有盛名的“世界第八大奇迹”马王堆汉墓、“千年学府”岳麓书院及“三国东吴”简牍。,橘子洲,岳麓山风景名胜区,岳麓书院
泸沽湖,30,Luguhu,13779,泸沽湖素有“高原明珠”之称，湖中各岛婷婷玉立，形态各异，林木葱郁，翠绿如画。身临其间，水天一色，清澈如镜，藻花点缀其间，缓缓滑行于碧波之上的猪槽船和徐徐飘浮干水天之间的摩梭民歌，使这里更增添几分古朴宁静，是一个远离城市喧嚣、未被污染的处女湖。,泸沽湖,草海,里格岛
大连,31,Dalian,21668,大连是辽宁省第二大城市，东北地区经济发达城市。是一个充满魔力的海滨城市。大连地理位置优越，是京津的门户，与日本、韩国、朝鲜和俄罗斯远东地区相邻。蓝天、碧海、青山、白石、连绵起伏的海岸，潮起潮落的大海，风景如诗如画，一派旖旎的海滨风光。大连美妙的自然风光，加上多彩的人文景观，更让人流连忘返。,老虎滩海洋公园,星海广场,金石滩国家旅游度假区
乌镇,32,Wu Zhen,22905,古镇民居临河而建、傍桥而市，镇内民风纯朴，是江南水乡“小桥、流水、人家”的典范。乌镇是国家AAAAA级景区，全国二十个黄金周预报景点及江南六大古镇之一。乌镇是典型的江南水乡古镇，素有“鱼米之乡，丝绸之府”之称。曾名乌墩和青 墩，具有六千余年悠久历史。水阁，乌镇由此又被称为“中国最后的枕水人家”。,西栅,东栅,南栅
鼓浪屿,33,Kulangsu,27183,鼓浪屿上冈峦起伏，碧波、白云、绿树交相辉映，处处给人以整洁幽静的感觉，拥有日光岩、菽庄花园、港仔后海滨浴场、郑成功纪念馆等旅游景点。由于历史原因，中外风格各异的建筑物在此地被完好地汇集、保留，有“万国建筑博览”之称。龙头路商业街还有张三疯奶茶、赵小姐店铺、三老肉脯干等诸多火热商铺，小岛还是音乐的沃土，人才辈出，钢琴拥有密度居全国之冠，又得美名“钢琴之岛”、“音乐之乡”。,菽庄花园,日光岩,风琴博物馆
凤凰古镇,34,Feng Huang,19387,凤凰西南，有一山酷似展翅而飞的凤凰，古城因此而得名。古城位于湖南省湘西自治州西南边，县治总面积1700多平方公里，是一个以苗族、土家族为主的少数民族聚集县。凤凰有着“中国最美的小城”之誉和“画乡”的美称。核心古城始建于清康熙四十三年（1704年），历经300年风雨沧桑，古貌犹存。,凤凰古城,沱江,虹桥
长白山,35,Changbai mountain,7920,"长白山位于吉林省延边州安图县和白山市抚松县境内，素有“千年积雪万年松，直上人间第一峰”的美誉，是中朝两国的界山。因其主峰多白色浮石与积雪而得名。中国境内的白云峰海拔2,691米，是东北第一高峰，位于朝鲜境内的将军峰是长白山最高峰。长白山是中国东北境内海拔最高、喷口最大的火山体。",长白山天池,长白山北坡,长白山风景区
阳朔,36,YangShuo,20803,"“桂林山水甲天下，阳朔山水甲桂林”，阳朔即阳朔县，隶属于广西桂林市，面积有1,428平方千米。这里有传说的壮族歌仙刘三姐抛绣球定情的千年古榕，有国内外游客叹为观止的月洞奇观，还有被誉为“小漓江”之称的遇龙河。连绵数十里的山峰，如笋拔地，山围水，水绕山，有“中国旅游名县”的美誉。",遇龙河,西街,漓江漂流(杨堤-兴坪段)
珠海,37,Zhuhai,17645,珠海市是珠江三角洲南端的一个重要城市，位于广东省珠江口的西南部。珠海的海岸线长 604公里，有大小岛屿147个，故有“百岛之市”的美誉。珠海从昔日一个经济落后的边陲小县，一跃成为新型花园城市。于景在城中，城在景中。,珠海长隆海洋王国,情侣路,外伶仃岛
呼伦贝尔,38,Hulun Buir,5259,呼伦贝尔草原是世界四大草原之一，被称为世界上最好的草原。在这片地域辽阔、风光旖旎的地方，有松涛激荡的大兴安岭林海、水草丰美的草原、蜿蜒曲折的莫尔格勒河……你还可以住在俄罗斯特色的“木刻楞”里，吃上一顿俄式大餐，感受边陲小镇的异国风情。这里就像一幅绚丽的画卷，而人们便是草原上欢乐的小羊。,呼伦贝尔大草原,额尔古纳湿地,室韦俄罗斯民族乡
西塘,39,Xi Tang,21198,西塘古镇位于浙江省嘉兴市嘉善县。嘉善位于江，浙，沪，二省一市交界处，这里离上海、苏州、杭州都在100公里以内，交通方便，西塘地势平坦，河流密布，自然环境十分幽静。被列入世界历史文化遗产预备名单，中国首批历史文化名镇。西塘是一座有千年历史文化的古镇。,西塘古镇,烟雨长廊,石皮弄
北海,40,Beihai City,9947,北海一个浪漫的城市，沙软如毯的银滩铺成直通大海的走廊，炊烟渺渺的涠洲岛令人犹如远离尘世。特别一提的是，被中国国家地理评为“中国最美的小岛”――北海涠洲岛，其梦幻如画的景致，自然淳朴的风情，使之成为时下最热门的广西旅游胜地，最好小住上几天，才能体会到真正的海洋天堂。,鳄鱼山火山公园,北海银滩,涠洲岛
婺源,41,Wuyuan County,11040,婺源县位于位于中国江西省东北部，上饶市北部。婺源素有“书乡”、“茶乡”之称，是全国著名的文化与生态旅游县。婺源为古徽州府所辖的六县之一，也是徽州文化的发祥地之一。境内古村落遍布乡野，保存完整，且独具徽派风格，被外界誉为“中国最美乡村”、“一颗镶嵌在赣、浙、皖三省交界处的绿色明珠”。,李坑,江岭,思溪延村
香格里拉,42,Shangri-La,17364,云南省迪庆藏族自治州香格里拉县青藏高原南缘，横断山脉腹地，是滇、川、藏三省区交汇处。香格里拉素有“高山大花园”、“动植物王国”、“有色金属王国”的美称。在香格里拉县的普达措国家公园，分布着两个高原湖泊：属都湖与碧塔海。香格里拉是一个自然景观、人文景观的富集区域，是国家八大黄金旅游热线之一。,普达措国家公园,噶丹・松赞林寺,纳帕海
敦煌,43,Dunhuang,10222,敦煌位于甘肃、青海、新疆三省（区）的交汇点。在 这个群山拥抱的天然小盆地中，党河雪水滋润着肥田沃土，绿树浓荫挡住了黑风黄沙；粮棉旱涝保收，瓜果四季飘香；沙漠奇观神秘莫测，戈壁幻海光怪陆离；文化遗存举世闻名，人才辈出……美丽的敦煌，是块富饶、神奇、诱人的土地。,莫高窟,鸣沙山,雅丹国家地质公园
垦丁,44,Kenting,8341,《少年派的奇幻漂流》里，PI最终上岸时战胜自我、重新开始美好生活的秀美海滩的取景地就在垦丁。这片国境之南，有来自太平洋的风，有碧蓝纯净海滨风光，有坚持原创鼓励个性的“春天呐喊”音乐节，有希腊的浪漫、夏威夷的热情，一切都忽隐忽现在文艺小清新的格调里。境内的主要景点绝大多数都在垦丁国家公园的范围内，垦丁国家公园是台湾第一座国家公园，每到落山风开始的季节就会有许多来自北方的珍贵鸟类来此避冬。此外，海底的珊瑚景观也是垦丁国家公园的一大特色。随着电影《海角七号》和《少年派的奇幻漂流》热映，更使得恒春与垦丁声名大噪。,垦丁大街/垦丁大街夜市,垦丁国家森林游乐区,垦丁牧场
峨眉山,45,Mount Emei,14118,峨眉山是中国佛教四大名山之一，位于中国四川省峨眉山市境内，地势陡峭，风景秀丽，有“秀甲天下”之美誉。当地气候多样，植被丰富，共有3000多种植物，其中包括世界上稀有的树种，山路沿途有较多猴群，常结队向游人讨食，为峨眉一大特色。与此同时，峨眉山是上古学仙修道圣地之，有寺庙约26座，重要的有八大寺庙，佛事频繁。,峨眉山风景区,峨眉山金顶,十方普贤圣像
无锡,46,Wuxi,23099,无锡是一块依山傍湖的风水宝地，灵山大佛就建在此处。鼋头渚、京杭古运河、锡惠公园是无锡的精华，但绝不是全部，论园林之美，有寄畅园、蠡园、梅园；论历史之悠远，有天下第二泉、薛福成故居、南禅寺。到过才知道“无锡是个好地方”这句话所言非虚。,鼋头渚,灵山胜境风景区,灵山大佛
稻城,47,Daocheng,4577,稻城地处青藏高原东南部，位于中国四川省西南边缘，横断山脉东侧。属康巴藏区的甘孜藏族自治州。其中藏族占96%以上，此外有汉、纳西、回、彝等民族。稻城景色憾人心魄，1145个高山湖泊散落于嶙峋乱石间，碧蓝如玉，景色极为壮观，因而被誉为“最后的香巴拉”。,亚丁风景区,牛奶海(俄绒措),仙乃日
西双版纳,48,Xishuangbanna,8512,西双版纳，古代傣语为 “勐巴拉那西”，意为“理想而神奇的乐土”。这里以美丽的热带雨林自然景观和少数民族风情吸引了不少游客前往，它是镶嵌在祖国南疆的一颗璀璨明珠、耀眼宝石。即使不是泼水节，勐龙路边的咖啡和成排的油棕树，雾蒙蒙的水汽也会在黄昏把整个城市照亮，十分漂亮。,曼听公园,望天树景区,西双版纳原始森林公园
花莲,49,Hualien,6880,花莲县是台湾面积最大的县，是高山族聚集人数最多的县份，也是台湾原住民最多的区域，境内原住民以台湾原住民第一大族阿美族分布最广。每年7、8月，各部落丰年祭吸引众多人潮前来观赏，是花莲最重要的人文盛事。此大山大水，使得花莲深具自然原始之美，由北而南，横跨太鲁阁公园、东海岸风景区、花东纵谷风景区、玉山公园四大观光资源。花莲的旅游业相当兴盛，风景宜人有太鲁阁国家公园、花东纵谷、花东海岸线，观光产业相当丰富。,太鲁阁公园,七星潭,清水断崖
华山,50,Mount Hua,11723,华山为五岳中的西岳，主峰海拔2154.9米。华山山体倚天拔地，四面如削，更有千尺幢、百尺峡、苍龙岭、鹞子翻身、长空栈道等十分险峻之地，被誉为“奇险天下第一山”。凭藉大自然风云变换的装扮，华山的千姿万态被有声有色的勾画出来，是国家级风景名胜区。窄仄的山道蜿蜒曲折向前，处处悬崖绝壁，险象环生。华山奇峰耸立，巨石天成，山中古松相映，亭阁庙宇依山而建。,长空栈道,东峰,北峰
西宁,51,Xining,13239,西宁古称“湟中”，是一座具有2100多年历史的高原古城。四面环山，三川会聚，市内湟水及其支流缓缓东向流过。市内居住汉、藏、回、蒙古、撒拉、满及土等众多民族。西宁是丝绸之路青海道的通衢、沟通中原与西部边地的重要城镇，也是历史上“唐蕃古道”必经之地。,塔尔寺,东关清真大寺,日月山
涠洲岛,52,Weizhou Island,5030,涠洲岛是中国最年轻的火山岛，也是广西最大的海岛。从高空鸟瞰，涠洲岛像一枚弓型翡翠浮在大海中。沿海海水碧蓝见底，海底活珊瑚、名贵海产瑰丽神奇，种类繁多，岛上植被茂密，风光秀美，奇特的海蚀、海积地貌，火山熔岩让人称绝，在《中国国家地理》杂志“选美中国”活动中，涠洲岛被评为“中国十大最美丽海岛”，位列第二。,鳄鱼山火山公园,五彩滩,盛塘天主教堂
济南,53,Jinan，Tsinan,20491,济南市又称泉城，是中国山东省省会及最大城市，山东省政治、文化、教育中心，华东五大城市之一，中国历史文化名城。济南拥有2700多年的历史， 是中华文明的重要发祥地之一，是龙山文化的发祥地。因境内有“七十二名泉”故被称为“泉城”，并素有“四面荷花三面柳，一城山色半城湖”的美誉。济南是个少数民族聚集的地方。,趵突泉景区,大明湖,济南千佛山风景名胜区
泰山,54,taishan,16742,泰山是我国的“五岳”之首，有“中华国山”、“天下第一山”之美誉，又称东岳，列中华十大名山之首，位于山东泰安，泰山也是佛、道两教兴盛之地，是历代帝王朝拜之山。泰山著名风景有天烛峰、日观峰、百丈崖、仙人桥、五大夫松、望人松、龙潭飞瀑、云桥飞瀑、三潭飞瀑等。,十八盘,日观峰,南天门
扬州,55,Yangzhou,16967,扬州，地处江苏省中部，长江下游北岸。扬州现在是全国首批24座历史文化名城之一，是中国首批优秀旅游城市。扬州市区不大，且大多集中于广陵区和古运河沿岸，体力稍好的，步行就能逛遍扬州。个园、何园、瘦西湖、大明寺是到扬州来不可错过的经典景点。,瘦西湖,何园,个园
色达,56,Sertar,2818,色达位于甘孜藏自治州西北部，东邻阿坝藏羌族自治州壤塘县，北与青海省班玛、达日两县接壤，西、南海拔4127米，辖4区2镇15乡、66个行政村，大部分从事畜牧业生产。色达有著名的喇荣寺五明佛学院，五明佛学院是世界上最大的佛学院，具有悠久的历史气息。,喇荣五明佛学院,色达天葬台,坛城
贵阳,57,Guiyang，Kweiyang,10840,贵阳，是一座山城，因为在贵山之阳而得名。贵阳又称作“林城”，被誉为“高原第二春城”，春城昆明美在热情浓艳，贵阳则美在灵秀洁净。贵阳的多数景区多以“公园”命名，公园里有着连绵不尽的葱翠山峰、碧湖溶洞，充分的证明了贵州的好山好水无处不在。除却山清水秀，惬意自在也是贵阳的一张名片，整个城市生活节奏舒缓，不像大都市那样紧张。,青岩古镇,黔灵山公园,天河潭
洛阳,58,Luoyang,13896,洛阳位于河南省西部，是我国“七大古都”之一。千年帝都，牡丹花城，从夏朝开始共有13个王朝在洛阳定都。它是河洛文化发源地，也是中华文明的发源地之一，是千余年中国的政治经济中心，也是中国重工业城市。经过多年建设和发展，现在洛阳已经成为闻名中外的休闲城市。,龙门石窟,洛阳白马寺,洛阳古代艺术博物馆
雪乡,59,Xue Xiang,4462,位于黑龙江省牡丹江市辖下海林县长汀镇双峰林场，距长汀镇105公里，占地面积500公顷，整个地区海拔均在1200米以上。雪期长、降雪频繁积。,羊草山,雪韵大街,雪乡国家森林公园
沈阳,60,shenyang,16305,"沈阳是辽宁省省会，面积12,980平方公里，人口740万，下辖九区一市三县及两个国家级开发区。沈阳以重工业装备制造著名，素有“东方鲁尔”的美誉。沈阳以其优越的地理位置，雄厚的工业基础及较强的科技实力、完善的市场体系和发达的交通网络，成为了中国最具吸引力的投资地区之一。",沈阳故宫博物院,张氏帅府博物馆,北陵
高雄,61,Kaohsiung,8010,高雄全年长夏无冬，一派热带风光，是一座美丽的海港城市。一条“爱河”缓缓流过高雄市区，为高雄增添了无限风光和浪漫气息；有“台湾西湖”美誉的西子湾风景区拥有多处独具特色的旅游景点，为南台湾最富盛名的观光地区，全区风光旖旎，适宜欣赏湖光水色、泛舟垂钓。位于左营的莲池潭风景区也有孔庙、龙虎塔、春秋阁等多处观光景点；从鼓山乘坐轮渡来到旗津岛，岛上有旗津海岸公园和旗津海水浴场，还有旗津灯塔和旗后炮台，更有美味海鲜值得前去品尝。,捷运美丽岛站光之穹顶,驳二艺术特区,西子湾风景区
漠河,62,Mohe County,3475,"漠河县旅游资源得天独厚，所辖北极村是中国唯一可观赏到北极光的地方。下辖四镇一乡和五个林场，总面积18,367平方千米。境内聚居着汉、蒙古、 回、满、朝鲜、鄂温克、鄂伦春、锡伯、土家等11个民族。漠河资源丰富，黄金开采有百余年的历史，曾被慈禧定为“胭脂沟”。",北极村,北红村,九曲十八弯
西北,63,Northwest China,1576,西北地区包括黄土高原西部、渭河平原、河西走廊、青藏高原北部、内蒙古高原西部、柴达木盆地和新疆大部的广大区域，自然及矿产资源丰富。西北地形多样，地貌独特，风光壮丽。,西安古城墙,华山,秦始皇兵马俑博物馆
海口,64,Haikou,15836,海口，位于海南岛最大的河流――南渡江口西侧，地当南渡江的出海之口，故取名为海口。地势南高北低，由台地向平原过渡。海口市是海南省政治、经济、文化、交通中心，海、陆、空交通的枢纽，闻名中外的滨海旅游城市。海口风光秀丽，名胜古迹众多，旅游景点相对集中。海口正在发展成为集观光游览、商务会展、文化娱乐为一体的综合型全国热带滨海旅游休闲胜地。,骑楼老街,雷琼地质公园(火山群世界地质公园),假日海滩
福州,65,Fuzhou、Hockchew,11132,"福州是中国优秀旅游城市之一，名山、名寺、名园、名居繁多，独具滨江滨海和山水园林旅游城市风貌，尤其是鼓山，人说“到了福州没上鼓山等于没来福州”。 福州历史悠久，风光秀丽、名胜众多，早在1600多年前,西晋尚书郎郭璞在《迁城记》中就有“左旗右鼓，全国二绝”记载。福州为全国三大温泉区之一，它不仅以温泉集中市区中心为世界各大中城市所罕见，且泉脉广、水量大、温度高、质量好而驰名遐迩。",三坊七巷,鼓山,福州国家森林公园
绍兴,66,Shaoxing City,13906,绍兴市，是中国历史文化名城。简称越。绍兴市位于浙江省中北部、杭州湾南岸。相对于其他南方水乡，绍兴更多了分书卷气和黄酒香。绍兴飘着酒香，荡着水韵，其风情堪与苏杭媲美。绍兴是个人文荟萃的江南人文水镇，漫步其间，不时能寻到王羲之、陆游、鲁迅等古今名人的足迹，浓郁隽永的人文气息才是绍兴最动人的风景。,鲁迅故里风景区,东湖风景区,柯岩风景区
宁波,67,Ningbo,14246,宁波，浙江第二大城市，是浙江的三大经济中心之一。宁波港是中国货物吞吐量第一大港口，集装箱吞吐量则在2010年首次跃居第3位。宁波的四大金名片：宁波装、宁波帮、宁波港、宁波景。宁波有港城、商城、名城、绿城之称。,天一阁,溪口・雪窦山风景名胜区,溪口蒋氏故里
平遥,68,Píng Yáo,12246,平遥即平遥县，隶属于山西省晋中市下属的一个县，面积1260平方公里，人口49万。世界文化遗产之一。平遥与云南丽江、安徽歙县、四川阆中并成为我国现存四座完好的古城， 至今已有2700多年的历史。被联合国教科文组织列为世界文化遗产。负载着浓厚历史气息的城墙、极具传统特色的院落以及令人垂涎欲滴的美食都向人们展示着平遥延续至今的千年韵味。,平遥古城,乔家大院,平遥古城墙
庐山,69,Lushan,10514,庐山屏蔽着江西的北大门，以 雄、奇、险、秀闻名于世，素有“匡庐奇秀甲天下”之美誉。巍峨挺拔的青峰秀峦、喷雪鸣雷的银泉飞瀑、瞬息万变的云海奇观、俊奇巧秀的园林建筑，一展庐山的 无穷魅力。庐山尤以盛夏如春的凉爽气候为中外游客所向往，是久负盛名的风景名胜区和避暑游览胜地。,庐山三叠泉,庐山五老峰,庐山如琴湖
腾冲,70,Tengchong,4821,腾冲是位于中国云南省西部中缅边境的一个县。中国大陆唯一的火山地热并存地区。历史上曾是古西南丝绸之路的要冲。由于地理位置重要，历代都派重兵驻守，明代还建造了石头城，称之为“极边第一城”。腾冲99座火山、88处温泉，其中高黎贡山是横断山脉的明珠，在亚欧板块和印度板块的激烈碰撞中生成。腾冲不但有蔚为壮观的火山群、地热群，还有火山奇观。,和顺古镇,腾冲热海,腾冲火山地热国家地质公园
兰州,71,Lanzhou、Lanchow,13365,兰州北达敦煌，南抵甘南，西至西宁，东入银川，可以说是到西部旅游的必经之地。黄河水奔腾不绝，自西向东流过兰州，使得黄河沿岸的“百里黄河风情线”成了兰州最突出的景点，中山桥、水车园、黄河母亲雕像，以及夜晚的白塔山夜景，都是来到兰州不能错过的景致。,甘肃省博物馆,中山桥,白塔山公园
台中,72,Taichung,5817,台中市是台湾省的直辖市之一，位于台湾中部，是台湾中部唯一的直辖市。北与苗栗县、新竹县接壤、南临彰化县、南投县、东隔中央山脉与宜兰县、花莲县相邻，西临台湾海峡。台中市是台湾中小企业与精密机械最重要的聚集地，许多台湾的著名企业都将总部设在台中。台中市的旅游资源以艺术人文展示馆为主，如自然科学博物馆、台湾美术馆、台中市立文化中心、台中民俗公园、丰乐雕塑公园等；若要欣赏自然风光或娱乐，则须至东北郊的大坑风景区一带，当地以亚哥花园、东山乐园最具知名度。台湾许多著名的小吃，在台中都可以找到，市内还有众多的个性餐厅及庭园餐厅。,东海大学,宫原眼科,高美湿地
亚丁,73,Yading,2199,说在青藏高原雪山深处的一个隐秘地方，有一个被双层雪山环抱王国，那里有雪山、冰川、峡谷、森林、草甸、湖泊、金矿及纯净的空气，这个王国就是香巴拉王国，被称为水蓝色的星球上的最后一片净土，也就是今天的稻城亚丁。在稻城亚丁，极目远跳，天地浩瀚无垠，乱石铺天盖地，憾人心魄，1145个高山湖泊散落于嶙峋乱石间，碧蓝如玉，景色极为壮观，因而稻城亚丁被誉为最后的香巴拉。,香格里拉镇,龙同坝,十六尊者
北戴河,74,beidaihe,16880,北戴河区为我国著名旅游度假区，二十里长、曲折平坦的沙质海滩，沙软潮平，背靠树木葱郁的联峰山，构成了一道美丽的风景。北戴海滨地处河北省秦皇岛市的西 部，与北京，天津，秦皇岛，兴城，葫芦岛形成一条黄金旅游带。,鸽子窝公园,老虎石海上公园,北戴河海滨浴场
南宁,75,Nanning,11795,南宁，位于广西中部偏南，是红豆的故乡，也是一座历史悠久的边陲古城。南宁别称绿城、凤凰城、五象，是广西第一大城市，北部湾经济区核心城市，具有深厚的文化积淀，古称邕州，是一个以壮族为主的多民族和睦相处的现代化城市。居住着壮、汉、苗、瑶等36个少数民族。,青秀山风景区,南湖公园,扬美古镇
甘南,76,Gannan,4313,甘南藏族自治州是全国十个藏族自治州之一，位于中国甘肃省南部， 甘南藏族自治州地处青藏高原东北边缘。以优美的藏族弹唱闻名于藏区。甘南是丝绸之路和唐蕃古道的重要组成部分。,拉卜楞寺,扎尕那,郎木寺(安多达仓郎木赛赤寺)
舟山,77,Zhoushan、Chusan,8635,舟山，有着丰富的自然资源，舟山群岛自然风光秀丽，气候宜人，山海景观奇特、名胜古迹众多。“海天佛国”普陀山、“列岛晴沙”嵊泗、“东海蓬莱”岱山、“沙雕故乡”朱家尖、“金庸笔下”桃花岛、“文化名城”定海，“城市渔港”沈家门，“蓬莱仙岛”岱山等，1390个岛屿象一颗颗璀璨的珍珠，洒落在浩瀚无垠的大海中，玩海、吃海鲜是这里永恒的主题……,普陀山,东极岛,东福山岛
武夷山,78,Mountain Wuyi,8752,武夷山位于中国东南部福建省西北的武夷山市。武夷山的自然风光独树一帜，尤其以“丹霞地貌”著称于世。典型的丹霞地貌、萦回环绕的九曲溪、再加上神秘的古闽越族文化。九曲溪沿岸的奇峰和峭壁， 映衬着清澈的河水，构成一幅奇妙秀美的杰出景观。武夷山保存着大量完整无损、多种多样的林带，是中国亚热带森林和南中国雨林最大、最具有代表性的例证。,武夷山风景区,天游峰景区,九曲溪
普陀山,79,Mount Putuo,10216,普陀山，国家5A级旅游风景区。与山西五台山、四川峨眉山、安徽九华山并称为中国佛教四大名山，是观世音菩萨教化众生的道场，不少名胜古迹，都与观音结下了不解之缘，流传着美妙动人的传说。普陀山以其神奇、神圣、神秘， 成为驰誉中外的旅游胜地。普陀山四面环海，风光旖旎，幽幻独特，被誉为“第一人间清净地”。步入庙宇，烧香，虔诚地跪拜，在弥漫的香火中，聆听着诵经木鱼声，来一场心灵之旅。,普济寺景区,法雨寺景区,南海观音像
双廊,80,Shuanglang,7293,双廊在洱源县的东南和洱海的东岸，古名拴廊，一名良甸村。双廊南有长约7公里的弧形海岸，名莲花曲，北有长约5公里的弧形海湾，称罗莳曲，二典形如两条长廊，是洱海著名的九曲中的二曲。双廊地处洱海东岸的“莲花曲”和“萝时曲”之上，距下关35公里。这个“苍海风光第一镇”曾是个小渔村，静逸是她最大的特点，不用特意寻找，眼前的一切就是美景。,玉几岛(天生营),大建旁村,月亮宫
宏村,81,Hóng Cūn,7691,宏村，古称弘村，是古黟桃花源里一座奇特的牛形古村落，枕雷岗面南湖，山水明秀，享有“中国画里的乡村”之美称。 宏村距今约有900年的历史，至今依旧较好地保存着数百户粉墙青瓦、鳞次栉比的古民居群，特别是精雕细镂、飞金重彩的承志堂、敬修堂；气度恢宏、古朴宽敞的东贤堂、三立堂；森严的叙仁堂、上元厅等祠堂和南湖书院；巷门幽深，青石街道旁古朴的观店铺……同平滑似镜的月沼和碧波荡漾的南湖，雷岗上参天古木、民居庭院中的百年牡丹与探过墙头的青藤石木，构成一个完美的艺术整体。,月沼湖,木坑竹海,南湖
郑州,82,Zhengzhou,14722,曾是华夏文明的发源地，承载着璀璨的千年文明，日月轮回，朝代更迭，在历史的舞台上演绎过精彩，在悠悠岁月中饱经沧桑，现在的它虽已洗尽铅华，但在历史的推动下这里又孕育出新的美丽，郑州――正如那滔滔的黄河之水，向世人源源不绝的展示着其昔日与今朝的无限魅力……文物古迹众多，有古城、古文化、古墓葬、古建筑、古关隘和古战场在内的遗址遗迹达1万余处。,少林寺,嵩山,河南博物院
千岛湖,83,Qiaodaohu,11399,千岛湖，是上海经济区和旅游城市杭州的“后花园”，位于浙江淳安，是世界上岛屿最多的湖。千岛湖湖水清澈见底，大小岛屿宛如星斗点缀其间，晨时暮间浓雾翻滚恍如仙境，且凉气袭人，是国内外休闲避暑胜地。,千岛湖中心湖区,千岛湖森林氧吧,梅峰岛
乌鲁木齐,84,Urumqi,9582,乌鲁木齐位于新疆维吾尔自治区中北部，天山中段北麓、准噶尔盆地南缘。乌鲁木齐是新疆维吾尔自治区首府。乌鲁木齐市北有准东油田，西有克拉玛依油田，南有塔里木油田，东有吐哈油田，且地处准噶尔储煤带的中部，市辖区内煤炭储量就达100亿吨以 上，被称为“油海上的煤船”。,新疆国际大巴扎,维吾尔自治区博物馆,南山风景区
阿坝,85,Aba,5321,阿坝州位于我国四川省，它保留了世界上别的地方早已绝迹的动植物资源，如熊猫、珙桐等活化石；保留了在工业文明中难以找到的静谧、古朴的壮丽自然景观，如九寨沟、黄龙等世界自然遗产。阿坝草原辽阔，雪山耸列，江河纵横，融气势磅礴、广袤宽阔、俊秀幽深于一体。地形地貌复杂、沟谷交错、气候多样，构成独特的地理环境，阿坝州被世界旅游专家誉为世界生态旅游最佳目的地。,九寨沟风景区,黄龙风景区,毕棚沟风景区
黔东南,86,Qiandongnan,5001,黔东南有着嘹亮悦耳、情深意长的歌子，饱经沧桑却依然静默屹立的古城， 还有清秀的山，灵动的水…黔东南苗族侗族自治州位于贵州省东南部。东邻湖南省怀化地区，南接广西壮族自治区柳州、河池地区，西连黔南布依族苗族自治州，北 抵遵义、铜仁两地区。,西江千户苗寨,镇远古镇,肇兴侗寨
喀纳斯,87,Kanas Lake,5272,喀纳斯，蒙古语是美丽富庶、神秘莫测的意思。喀纳斯是中国新疆阿勒泰地区布尔津县北部一著名淡水湖，位于阿尔泰山脉中，曾被称为“中国最后一片净土”，富有瑞士风光特色。外形呈月牙状，被推测为古冰川强烈运动阻塞山谷积水而成。该湖风景优美，四周林木茂盛，主要居民为图瓦人。被誉为“东方瑞士、摄影师天堂”。喀纳斯湖风景优美，四周林木茂盛，主要居民为图瓦人，为中国国家5A级旅游景区。,喀纳斯风景区,喀纳斯湖,月亮湾
威海,88,Weihai,13515,威海市为山东省港口城市。威海城区在明以前，为海滨渔村。汉称石落村。元改称清泉夼。明洪武年间，为防倭寇侵扰，设立“威海卫”。威海市是全国投资硬环境40优城市，也是全国综合经济实力50强城市。硬朗的山和澎湃的水，润泽的山和柔美的水，丰茂的山和碧蓝的水，山和水的种种风貌。山和水就是一只闪亮的皇冠，成为威海最壮美的华服。,刘公岛,成山头风景区,神雕山野生动物保护区
周庄,89,Zhou Zhuang,13861,周庄始建于1086年，是隶属于江苏省昆山市和上海交界处的一个典型的江南水乡小镇，周庄因水成街，因水成路，水滋润着周庄，水丰富着周庄，水是周庄的灵魂，“水乡小巷多，人家尽枕河”。于2003年被评为中国历史文化名镇，最为著名的景点有：沈万三故居、富安桥、双桥、沈厅、怪楼、周庄八景等。沈厅为清式 院宅，整体结构严整，局部风格各异；此外还有澄虚道观、全福讲寺等宗教场所。,周庄古镇,双桥,沈厅
普宁,90,Puning City,1423,普宁市位于广东省东南部潮汕平原西缘，中国最大的衬衣生产基地，华南最大的中药材基地，粤东最大的服装、烟草、茶叶、水果、纺织品等集散地，普宁还是中国著名侨乡，中国共产党革命老区。普宁四季如春，素有“水寨之乡”的美称，普宁以山水风光、天然温泉、潮人文化、革命迹地、宗教寺庙等名胜古迹为特色，构成了普宁特有的自然、人文游景观。,德安里,普宁广场,莲花山公园
来宾,91,Laibin City,1763,来宾市为广西壮族自治区管辖的地级市，位于居广西中部，故有“桂中”之称，又因资源物产丰富，有“广西煤都”、“中国糖都”、“世界瑶都”等美称。深居广西腹部，经济、交通地位十分重要，地缘优势十分明显。同时境内旅游资源丰富。有亚洲现存规模最大、保存最完整的土司建筑群，被喻为“壮乡故宫”的忻城县莫氏土司衙署；有着“中南第一温泉”美称的象州花池温泉，以及圣堂山，莲花山等。,圣堂山,百崖大峡谷,莲花山旅游风景区
张家港,92,Zhangjiagang,1246,张家港位于长江下游南岸，是苏州的县级市，全境地势平坦，河港纵横，有大小河道6033条，气候温和，四季分明。境内的 双山、香山、凤凰山、东渡苑等主要景区合称“三山一苑”，不仅山青水秀，还有丰富的人文历史典故。此外，景点还有世纪广场、暨阳湖公园、张家港公园、沙洲公园等。,恬庄古街,苏州江南农耕文化园,杨舍老街
嵊山,93,shengshan,1277,嵊山是我国渔港重镇。清光绪时，已形成渔港集镇，港埠繁荣。近年发展海洋养殖，成为浙江省最大的鲜活海产品出口基地。岛上景观除渔港风貌外，自然景观也相当怡人，可爱的奇石象形有双人石、夫妻峰，峻险直泻如东崖绝壁等。东崖是分布于岛东部的一组海蚀崖，岩性为浅肉红色钾长花岗石，自后岭头屿至鳗鱼头岛，山势自半山腰颓然直泻入海，形成连绵3公里的陡崖绝壁，最高处达70余米，山花藤萝附壁悬挂，长波涌浪穿礁拍崖，激荡轰鸣，气势雄浑壮观。,东崖绝壁,后头湾村,大玉湾沙滩
永济,94,Yongji City,1195,永济市地处山西省西南端，古称蒲坂，史为舜都，后改为泰州、蒲州，一直是古河东地区的政治、经济、文化和军事中心，位于秦、晋、豫三省交汇的黄河金三角区域中心，是山西省的南大门。永济市历史悠久，是中华民族的发祥地之一，人杰地灵，贤才辈出，唐宋八大家之一的柳宗元，著名诗人王维，山西戏曲四大剧种之一的蒲剧和我国武术拳种之一的“形意六合拳”就发源于此。市内旅游资源丰富，有中国四大历史名楼之一的鹳雀楼、《西厢记》故事发生地普救寺、被誉为“国宝”的唐开元大铁牛、国家森林公园五老峰等。,普救寺,鹳雀楼景区,五老峰
鸡鸣驿古城,95,cock-yi,1150,鸡鸣驿城位于河北省张家口市怀来县鸡鸣驿乡鸡鸣驿村，是一处建于明代的驿站遗存，因电影《大话西游》的结尾片段在鸡鸣驿的西门城楼上拍摄而声名大振。鸡鸣驿城是中国邮传、军驿的宝贵遗存，具有很高的文物价值。驿站里最有名的“贺家大院”曾是八国联军打进北京时，慈禧太后和光绪皇帝逃难留宿的地方。泰山庙的壁画也是来鸡鸣驿一定要看的。,指挥署,文昌宫,驿丞署
西柏坡,96,Xibaipo,1461,西柏坡位于石家庄市平山县内，距华北重镇石家庄90公里，是全国著名的五大革命圣地之一。1948年5月，中共中央、中国人民解放军总部进驻，这个山村成为中国共产党领导全国人民和解放军与国民党进行战略大决战，创建新中国的指挥中心。解放战争时期毛主席、党中央在此指挥了震惊中外的三大战役，召开了著名的七届二中全会。西柏坡主要景点有西柏坡纪念馆，中共中央旧址等。,西柏坡纪念馆,岗南水库,中共中央遗址
乐昌,97,Lechang,1402,乐昌市位于韶关市北部，粤北边陲，毗邻湖南，素有“广东北大门”之称，是客家人聚居地。乐昌境内山水奇特，风景秀丽，有丹霞地貌景观、喀斯特地貌景观、溶岩洞穴及地下河景观以及温泉等自然资源，还有红七军在梅花战斗指挥部旧址、万古金城等人文历史景观，旅游资源丰富。,九峰镇,乐昌九峰山,龙王潭
宝兴,98,Baoxing County,1041,宝兴县位于四川西部，雅安市北部，夹金山下，1869年法国传教士阿尔芒・戴维德在盐井乡蜂桶寨自然保护区邓池沟发现大熊猫，是四川西部大熊猫生态旅游环线上的重要节点。境内有蜂桶寨国家级大熊猫自然生态保护区及夹金山国家森林公园；有宛如世外桃源、可观“春花、夏林、秋叶、冬雪”且有“八月桂花四月开”奇异景观的赶羊沟；有戴维制作“动物活化石”大熊猫、“植物活化石”珙桐、“昆虫活化石”达维两栖甲标本的场所，是生态休闲避暑度假的旅游胜地。,东拉山大峡谷,神木垒风景区,夹金山风景区
恩平,99,Enping City,1473,恩平市位于广东省西南部、珠江三角洲西南端，濒临南海，毗邻港澳，。东北面与开平市相邻，东南面与台山市相邻，西南面和西面与阳东县、阳春县相邻，西北面与新兴县相邻，南面濒临浩瀚的南海是粤中粤西地区交汇地，是珠三角地区得天独厚的山水名市。恩平山清水秀，风景优美，气候宜人，境内有河溪、水库、森林、石山、岩洞、瀑布、温泉，是游览的好地方。市内弄七星坑原始森林是珠三角最后一片原始森林。是中国著名侨乡、温泉之乡。,鳌峰山,恩平歇马举人村,歇马村
八宿,100,Baxoi County,1075,八宿县位于西藏东部，是进藏前往拉萨的必经之地，进藏路途遥远，旅途辛劳，在此做些停留，玩赏这高原中的低谷，吃上一只新宰的羔羊，别有一番情调。这里视野开阔，景色迷人，人文景观各县特色、交通快捷、能源丰富，是中外宾客旅游、观光、探险寻迷、科学考察和投资开发的理想之地，如多拉神山，嘎玛沟，仁措湖，同卡寺等。,然乌湖,怒江72拐,业拉山
昭平,101,Zhaoping,1078,处于桂粤结合地带，位于广西东部、漓江下游，东邻贺州市八步区，西靠梧州市蒙山县，东南与梧州市苍梧县接壤，西南与梧州市藤县交界，北与桂林市荔蒲县、平乐县和贺州市钟山县相依。 昭平山川秀丽，风景旖旎，境内旅游资源丰富。境内最著名的旅游景点是黄姚古镇。这是一个有着近千年历史的古镇，素有“诗境家园”之称， 位列中国最美十大古镇之一，宁静而美丽。此外境内还有，七冲原始森林、五叠泉瀑布、马三家瀑布、黄花山温泉、孔明岩、出气岩、九如洞、北陀古墓群、天然睡佛等景色迷人的景区。,黄姚古镇,带龙桥,古镇石板街
瑞金,102,Ruijin City,1312,瑞金位于武夷山脉南段西麓，赣江东源贡水上游，是通江达海的交通要地，地扼赣闽咽喉，素为赣闽粤三省通衢，历史悠久，拥有汉代古墓葬、古窑址及明清古建筑等。瑞金是闻名中外的红色故都，是苏区时期党中央驻地、中华苏维埃共和国临时中央政府诞生地、中央红军二万五千里长征出发地，现在又是全国爱国主义和革命传统教育基地，是中国重要的红色旅游城市。,瑞金叶坪红色旅游景区,瑞金红井,瑞金中央革命根据地历史博物馆
灵川,103,Lingchuan,1294,"灵川县位于广西壮族自治区东北部, 地处湘桂走廊南端，东、西、北三面环抱历史文化旅游名城桂林市区，东北与兴安县，东南与灌阳县、恭城县交界，西北与龙胜县为邻，西与临桂县接壤，南与阳朔县相连。拥有独特的地理地貌和气候，旅游资源丰富。 有银江晚渡, 百嶂霁云、西峰夕照、象山独蹲, 金钟古刹, 九龙穿岩, 尧山晴雷等灵川老八景。还有青狮潭旅游度假区，海洋银杏林田园风光景区，广西四大古镇之一的大圩古镇，金山禅院，古东瀑布景区等受游客欢迎的旅游景点。",古东瀑布,大圩古镇,海洋村
周村,104,zhoucun,1325,周村位于淄博西部，号称“天下第一村”，据传为清代乾隆皇帝所题，享有“旱码头”、“金周村”、“丝绸之乡”之美誉。走进周村古商城，恍惚间仿佛来到了一处古代的热闹街市，石板铺就的大街，青砖古瓦的店铺，牌匾上烫金的老字号，布市银街、当铺药店、茶楼染坊、客栈古玩依稀可见曾经的繁华与喧嚣，感受着隐藏在角落里历史的气息，感受着这个活着的千年古商城的独特魅力。,周村古商城,大染坊,周村烧饼博物馆
赤柱,105,Stanley,1098,赤柱是香港岛南端的一个景色秀丽小镇，位于浅水湾的东方，石澳的西方，是香港著名的旅游景点。当香港还是英国殖民地的时期，赤柱曾是英军军事据点，也曾是香港岛的行政中心。赤柱拥有很多优美的海滩，如“香江八景”之一的赤柱东湾，每当朝阳升起，倒映的霞光在水面形成一道红柱，因此得到“赤柱朝晖”的美名。赤柱市场是到赤柱旅游最不能错过的地方，赤柱大街又称”酒吧街“也是吃喝玩乐的好去处。,赤柱海湾,香港惩教博物馆,赤柱监狱
长海,106,Changhai County,1072,长海，又称长山群岛，是中国东北地区唯一的海岛县，全县共由252个海岛组成，其中：有居民海岛18个，无居民海岛234个。长海的旅游资源主要分布在大长山岛、小长山岛、广鹿岛、獐子岛、海洋岛、海王九岛等一些大的岛屿上，总长359公里的海岸线，遍布了近百处大小港湾，水道纵横，风景奇美。长海各类旅游景点30余处，主要景点有三元宫、祈祥园、马祖庙等，旅游休闲船舶130艘，拥有渔家旅店300户、宾馆和度假村180家，是中国北方知名的海岛旅游胜地。,哈仙岛,广鹿岛,大长山岛
定西,107,Dingxi,1943,定西地处黄河上游，位于甘肃中部，是一片古老、广阔、美丽的土地，自古就是丝绸之路的“重镇”，又是新欧亚大陆桥的必经之地，其历史悠久，环境秀丽。拥有众多名胜古迹和自然风光，其主要景观有：国家级、省级森林公园贵清山、遮阳山、莲峰山等享誉国内外。新石器时代著名的马家窑、齐家、寺洼等文化遗址，战国秦长城遗址，汉代新莽权衡、唐明皇御笔“哥舒翰记功碑”、元代墓葬群、明代铜钟等国家重点文物，同时还有渭源灞陵桥、陇西威远楼等古老建筑。,威远楼,天井峡景区,渭河源头
长汀,108,Changting County,1069,长汀县是福建省龙岩市下辖的一个县，位于福建省西部，是福建省第五大县。地处福建省西部、武夷山脉南麓，是距省会福州最远的山区县。是国家历史文化名城，历史悠久，新西兰女作家路易・艾黎曾说过，中国最美丽的两个山城就是湖南的凤凰和福建的长汀。境内的旅游资源以客家文化和红色旅游为特色。境内有唐代古城墙，卧龙山风景区，朝斗岩风景区，福建省苏维埃政府旧址，瞿秋白烈士纪念碑，红四军司令部、政治部旧址―辛耕别墅等景点。,长汀古城,汀州古城,长汀县博物馆
鄯善,109,Shanshan,1188,鄯善县位于新疆维吾尔自治区东部，天山东段博格达峰南麓，吐鲁番盆地东部。东与哈密市接壤，西邻吐鲁番市，北越天山接木垒县、奇台县等县，南越觉罗塔格山 延伸至塔里木盆地的若羌县。是无核白葡萄和哈密瓜真正故乡，是全国最大的无核白葡萄、鲜食葡萄生产基地。 鄯善是全国第二大澎润土资源地、是世界十大煤矿资源地、是世界第二大钠硝石资源地、是中国吐哈油田的主战场，这里有中国西北最富有特色的吐鲁番沙漠风景区。,吐峪沟麻扎村,鄯善县城,陕西大寺
衡东,110,Hengdong County,1316,衡东县是著名的“鱼米之乡”、“皮影戏之乡”、“花鼓戏之乡”、“剪纸之乡”和“印章之乡”，也是全国唯一的“中国土菜名县”。衡东县旅游资源十分丰富。著名自然景观：楚南第一景――锡岩仙洞，素有“小漓江”之称的λ，省级森林公园四方山、金觉峰等。著名人文景观：中国红色旅游区――罗荣桓故居，中共金融史上第一家革命银行――柴山洲特别区第一农民银行旧址（夏拜公祠），总投资20余亿的国家重点工程――大源渡航电枢纽工程，始建于唐朝同光年的灵山庙，历史悠久的吴集古镇，状元牌坊，观音禅寺，欧阳海烈士纪念碑等,南岳大庙,锡岩仙洞,望日台
迭部,111,Diebu,1528,"迭部县位于甘南藏族自治州南部甘川交界处，白龙江上游的高山峡谷地带，藏语的意思是""大拇指""，被称为是山神""摁""开的地方。迭部境内有红军长途中的""俄界会议""会址、茨日那毛泽东故居、天险腊子口战役、然闹马家窑文化遗址等历史遗址，以及历史悠久的藏传佛教寺院23座，境内山清水秀，人杰地灵，风光旖旎，森林广布，是甘肃不可多得的一座绿色资源宝库。",扎尕那,腊子口,东哇村
沂水,112,Yishui,1136,沂水县不仅是著名的革命老区，而且它境内的水资源和森林资源都非常丰富，所以开发潜力巨大，自然资源也是十分的丰富。来到这里你一定不能错过雪山树木葱郁，奇石林立的雪山彩虹谷；更不能错过气势磅礴，奇特壮观的地下大峡谷；你也可以追随着萤火虫的身影，来到地下萤光湖观赏似满天繁星的萤火虫。如果你是个爱国喜爱历史的人，那么你一定要来位于沂水县夏蔚镇的沂蒙山红色旅游区，这里有中共山东分局旧址、八路军山东纵队指挥部旧址，是全国著名的四大根据地之一。这就是沂水，一个自然与人文景观结合的旅游胜地。,山东地下大峡谷,天上王城景区,雪山彩虹谷
青阳,113,Qingyang County,1151,青阳县位于安徽省南部，长江南岸，是池州市下辖的一个县，东临南陵、泾县，南连石台、黄山，西交贵池，北与铜陵接攘。地势南高北低，素有“七山一水一分田，一分道路和庄园”之称。生态环境较好，森林覆盖率高，境内有九华山国家森林公园，青通河、九华河、七星河等发达的天然水系。历史悠久，民间艺术发达，目连戏、傩戏、九华民歌在这里广为传唱。境内有中国四大佛教名山之一的九华山，佛教文化源远流长，每年吸引海内外大批游客前来参观，朝拜。,天台景区,肉身宝殿,百岁宫
平武,114,Pingwu,1021,平武处于绵阳北部，位于四川盆地西北部，青藏高原向四川盆地过渡的东缘地带，具有典型的山地地貌景观。境内山清水秀，森林茂密，有国家一级保护动物大熊猫、金丝猴、扭角羚等，是“熊猫的故乡”。境内旅游资源众多，有报恩寺、王朗自然保护区、泗耳自然保护区、小河沟自然保护区、北山公园、龙池坪森林公园、白马民族风情等浏览景区。,虎牙大峡谷,白马王朗国家级自然保护区,平武报恩寺
巍山,115,Weishen Xian,1115,巍山是文献名邦，历史文化悠远流长，风景名胜荟萃。目前已发现新石器时代的遗址16处， 各级各类馆藏文物共2100多件，省、州、县各级重点文物保护单位有30多处，保存完好的巍山古城，古朴的民风、适宜的气候及深厚的文化底蕴，造就了巍山人神闲气定的生活性格。这是一片神奇的土地，是旅游、观光、度假、疗养和考古的极好地方。,巍宝山景区,上关花公园,拱辰楼
洪雅,116,Hongya,1052,洪雅位于四川盆地西南，是生态大县，素有“七山二水一分田”的美誉，境内拥有瓦屋山、七里坪、柳江古镇、槽渔滩四大景区，是四川省重要的生态、休闲、度假旅游胜地。位于洪雅县城南20公里处的八面山，名胜古迹随处可见，主要有苟王寨和尖峰古城。,柳江古镇,眉山瓦屋山国家森林公园,瓦屋山
凭祥,117,Pingxiang City,1057,"凭祥市位于广西壮族自治区西南部的边境线上，是崇左市代管的一个县级市。凭祥市是一个口岸城市，与越南的谅山接壤。素有""祖国南大门""之称，是中国最靠近东盟国家的国际化城市。是广西最主要的两个边境口岸之一，也是是我国通往越南及东南亚最大和最便捷的陆路通道。凭祥市还是广西著名的边境旅游城市，境内有中国九大名关之一――友谊关；美丽的白玉洞；有中法战争古战场遗址――平岗岭地下长城、金鸡山古炮台、大连城和大清国万人坟等景点。",凭祥友谊关,匠止烈士陵园,平岗岭
沙县,118,Sha County,1381,沙县位于福建省中部偏北，隶属福建省三明市，自古即为闽西北重要商品集散地，商贾云集，素有“金沙县”之称。沙县因沙县小吃闻名全国而被大家所熟知，其实，除了各种美食，沙县名胜古迹众多，有中国最大的依山凿刻石卧佛定光佛、唐代兴国寺、宋代理学家罗从彦祠堂、明起义首领邓茂七山寨、清代城隍庙等。自然景观有淘金山、七仙洞、松柏岩、十里平流 、七峰叠翠、吕峰山风景区等。,淘金山,大佑山,三明七仙洞
嵊州,119,Shengzhou City,1227,"嵊州市是浙江省绍兴市的一个县级市，位于浙东丘陵中部，曹娥江上游，新嵊盆地中，东与奉化、余姚相邻，南和新昌交界，西连诸暨、东阳，北接上虞、绍兴，是北进杭州、南下温州，西通金华、东达宁波的要冲。是全国第一批经济开放县（市）、全国县域经济基本竞争力百强县市。嵊州市今已有2100多年历史，以“百年越剧、千年剡溪、万年小黄山遗址”闻名于世,是马寅初、任光、王金发、郑午昌、刘文西、马晓春、袁雪芬等名家名人的故乡。市内还有，马寅初故居、百丈飞瀑、百丈飞瀑漂流、冰川火山谷，剡溪漂流景区、清溪漂流、崇仁古镇、城隍庙、 王羲之故居、华堂村、小黄山遗址等景点。",王羲之故居,崇仁千年古镇,嵊州百丈飞瀑
梅林镇,120,Meilin,1423,梅林镇位于南靖县西北部，三团溪在此北向汇入书教溪，风光优美。梅林镇历史悠久，拥有土楼900多座，也是著名的侨乡之一。其中世界文化遗产“和贵楼”、“怀远楼”和中国景观村落梅林村、官洋村等早已声名远扬。同时，梅林镇还拥有南华岩、土楼妈祖庙、节孝旌表坊、岩永靖军政委员会旧址纪念馆科岭革命烈士纪念碑、生态观光茶园等特色旅游资源。除了土楼外，梅林还拥有成片明清时期的典型江南古民居建筑群。,怀远楼,河坑土楼群,顺裕楼
云阳,121,Yunyang,1340,云阳，位于重庆市东北部，长江三峡工程库区腹心地带，历史悠久，古先民留下了丰厚的历史遗存。除此之外，云阳自然景观迷人，自古便有“凤山春色”、“龙川夜涛”、“山崖滴翠”等“云安八景”而名扬蜀东旅游资源丰富，张飞庙、龙脊石、盘石城、下岩寺、长滩河风景区、龙缸龙洞等都是云阳的著名景点。,云阳龙缸国家地质公园,张飞庙,龙缸景区
龙门古镇,122,Longmen,1305,龙门古镇，位于杭州市西南52公里的富春江南岸，村内以独特的明、清古建筑群而闻名，是现今江南地区明清古建筑群中保存较为完整的山乡古镇，三国时东吴大帝孙权的后裔聚居于此。汉名士严子陵游览龙门山时称赞“此地山清水秀，胜似吕梁龙门”，龙门古镇因此得名。龙门古镇是我国古代宗族聚居形态的典型，至今仍较完好地保存着明清两代建筑群与古街风貌。,砚池夜月,迎曦堂,义门流芳
中山古镇,123,Zhongshan,1447,中山古镇俗称三合场，又名龙洞场，地处江津市南部山区，古镇背山临水，场镇建筑靠水而建，由龙洞、荒中坝、高升桥三条小街连接而成。中山镇历来是商贸繁荣的水陆码头，贵州、綦江、合江等地的产品物资大都集中于此交易。中山古镇保存着许多历史人文景观，如七百米古街、迎恩门古城墙、武侯祠、东平王庙、相公塔、永安桥、朱德旧居等，还拥有十里翠竹、龙岩雨霁、聚仙岩等秀美、奇异的自然景观。,江津爱情天梯,朱家嘴庄园,龙塘古庄园
博罗,124,Boluo,1041,博罗县位于广东省东南部，珠江三角洲东北部，是珠三角最大的可连片开发的县区，是珠三角和穗港经济圈的重要组成部分。客家文化、南粤文化在博罗县相互辉映交融，使博罗积淀了深厚的文化底蕴。境内的罗浮山，集道、佛两教于一山，融自然景观与人文景观于一体，是中国道教十大名山之一，素有“岭南第一山”和“中国道教圣地”之美称。此外，还有元音古寺、银岗古窑场遗址、九天观、洗药池、平安山，象头山等景点。,罗浮山,博罗哈施塔特小镇,飞云顶
三门,125,Sanmen,1441,三门县为浙江省台州市下辖的一个县，位于台州市沿海北部，西枕天台山、东濒三门湾、北邻宁波市宁海县、南毗临海市，地处中国“黄金海岸线”中段，北接宁波，南连温州，为上海经济区南翼。作为一个沿海县城，三门县，资源优势得天独厚，水产资源丰富，，是浙江省海水养殖第一大县，被命名为中国青蟹之乡，浙江对虾之乡、牡蛎之乡、缢蛏之乡。境内大小岛屿122个，有“海上仙子国”之美称。境内的旅游景点有，蛇蟠岛旅游区、亭旁起义纪念馆、江南唯一一个藏传密宗禅林―多宝讲寺、湫水大峡谷等。,蛇蟠岛,台州三门,木杓海滩
长沙县,126,Changsha,1307,长沙县别称“星沙”，自古为“三湘首善”，在全国中小城市综合实力百强县排名中，长沙县列第13位。长沙县位于湖南省东部，处于长株潭“两型社会”综合配套改革试验区的核心地带。,杨开慧纪念馆,浔龙河生态艺术小镇,徐特立公园
连城,127,Lian cheng,1145,连城县，简称“莲”，别名莲城，是一座集绿色生态游、民俗文化游与美食旅游于一体的热门目的地。冠豸山风景区集山、水、岩、洞、泉、寺、园诸神秀于一身；梅花山自然保护区是享誉全球的国家级森林和野生动物类型自然保护区，被中外专家称为“北回归荒漠带上的翡翠”；仙云洞、幽琴洞、石燕岩等组成仙境般的赖源溶洞。民俗文化主要有：连城四堡、培田古民居、客家大宅门、中华山性海寺和望云草室等。连城的美食也是值得一提的，不仅种类繁多，而且味美价廉，主要有连城红心地瓜干、连城白鸭、捆板、涮九品、芋子饺、四堡漾豆腐、雪花鱼糕等。,连城冠豸山,培田古民居,石门湖
磐安,128,pan'an,1523,磐安是浙江雁荡山、括苍山、会稽山和仙霞岭的发脉处，也是钱塘江、瓯江、灵江和曹娥江四大水系的主要发源地之一，素有“群山之祖、诸水之源”之称，南宋诗人陆游在磐安留下了“山重水复疑无路，柳暗花明又一村”的千古佳句。磐安还是著名的中国药材之乡、中国香菇之乡、中国生态龙井之乡、中国香榧之乡、中国舞龙发源地、国家生态县。环境优美、人文昌盛、物产丰富，磐安是华东地区最“绿”的地方。,磐安十八涡,乌石村,舞龙峡
九龙,129,Jiulong,1495,九龙县地处攀西平原与青藏高原的过渡地带，有“一山分四季，十里不同天”之说。境内山川秀丽，景色迷人。从地理、自然、经济和社会全方位概括，具有以下五个之“最”。―是中国西部自然特征最为明显的县份之一；二是中国西部民俗文化最为独特的县份之一；三是中国西部生态资源最为富集的县份之一；四是中国西部生态系统保存最为完好的县份之一；五是中国藏区地理环境、战略地位最为突出的县份之一。,伍须海,仙女湖,鸡丑山
阿拉善左旗,130,Alxa Left Banner,1308,阿拉善左旗地处于内蒙古自治区西部，蒙古语意为“金黄色的马”，幅员广阔，地形地貌复杂，旗内的贺兰山国家级自然保护区有原始次生林54万亩，是内蒙古自治区乃至西北的天然生态屏障。阿拉善蒙古族素以热情好客著称，独特的民风民俗令人印象深刻。,腾格里沙漠,腾格里沙漠月亮湖,南寺风景区
广汉,131,Guanghan,1177,有“成都后花园”之称的广义市位于“天府之国”成都平原腹心地带，地势平坦，气候温和宜人，土地肥沃，河流纵横，风光旖旎。自然资源丰富，旅游业发达，人才辈出，是一座熠熠生辉的城市，散发着夺目的光彩。广汉市位于“天府之国”成都平原腹心地带，北临德阳市区17公里，南距成都市区23公里，自古有“蜀省之要衢，通京之孔道”之说。境内地势平坦，气候温和，河流纵横，土地肥沃，市容整洁，风光秀丽，被誉为“成都的后花园”。广汉是“四川省经济综合实力十强县”之一，也是成都都市圈、成绵乐经济带，成都半小时经济圈重要组成部分，经济以工业为主，第三产业蓬勃发展。,广汉三星堆博物馆,雒城,松林桃花
石狮,132,Shishi,1086,石狮为中国福建省下辖县级市，由泉州地级市代管，于1987年12月自晋江县析置。石狮是亚洲最大服装城、福建综合改革试验区、著名侨乡。,石狮黄金海岸,永宁古镇,姑嫂塔
宁乡,133,Ningxiang County,1278,宁乡山奇水秀，风光独特。境内自然风光秀丽，拥有灰汤温泉养生之奇、沩山风景名胜区等著名景区景观。回龙山千年古刹白云寺，全国百大名寺之一，相传清朝乾隆皇帝曾游览至此，并题写“回龙望祖”，戍边名将左宗棠曾亲笔题赠“南楚灵山”。刘少奇故居为全国重点文物保护单位，被国家旅游局评为首批“4A”级旅游区。云山书院是湘中革命的摇篮，从这里走出了何叔衡、谢觉哉、姜梦周、王凌波、甘泗琪等风流人物。古朴幽深的大夫堂相传是楚文化的遗址，古城墙、护城河依稀可辨。,宁乡炭河古城,花明楼,密印寺
抚松,134,Fusong,1381,抚松县位于中国吉林省东南部，松花江上游，长白山西北麓，境内群山起伏，森林茂密，由于自然条件得天独厚，利于人参的生长，抚松县是人参主要产地之一，被誉为最著名的“人参之乡”。抚松县境内奇峰林立，江河纵横，有浩瀚的长白山原始森林，壮观的火山山脉，密布的火山矿泉，独特的冰雪风光，温泉度假村，露水河国际狩猎场等。特别是以长白山西坡自然景观为依托的旅游，每年吸引大量游客前来。,西坡天池,长白山西坡,长白山大峡谷
涪陵,135,fuling,1224,涪陵区是重庆市下辖区，三峡库区腹地，位于长江、乌江交汇处，有川东南门户之称。涪陵区自然条件好，人文资源丰富。涪陵榨菜、涪陵水牛、涪陵红心萝卜是闻名海内外的三大特产；程朱理学“点易洞”、水底碑林白鹤梁是名闻中外的名胜古迹。涪陵因乌江古称涪水，巴国先王陵墓多葬于此而得名。,816地下核工程,大木花谷,武陵大裂谷
金秀,136,Jinxiu,1358,金秀瑶族自治县地处桂中东部的大瑶山，成立于1952年5月，是全国最早成立的瑶族自治县。金秀瑶族自治县位于广西壮族自治区中部偏东，地跨东经109度50分――110度27分，北纬23度40分――24度28分之间。[3]金秀瑶族自治县地处桂中东部的大瑶山，323国道过境。截至2009年，全县土地总面积518平方公里，其中山区面积2080平方公里，占全县总面积的80%。森林面积319.35万亩，森林覆盖率87.34%。耕地面积1.44万公顷。重要矿产资源有重晶石、硅、花岗岩、彩色大理石、铜、金和铁。土特产品有灵香草、八角、绞股蓝、黄笋、甜茶、香菇、木耳等。,圣堂山,莲花山旅游风景区,圣堂湖风景区
赤城,137,chicheng countycicheng,1239,赤城县位于北京北部，河北省西北部，是张家口市第一大县。赤城地区气候全年平均气温在12.6℃～26.1℃之间，有“取暖不用煤，纳凉不摇扇”之誉。赤城的温泉较有名气，其中赤城温泉在郦道元《水经注》已有记载，被誉为“关外第一泉”。此外，赤城还有大海陀自然保护区、朝阳观石窟、塘子庙温泉、恐龙足迹化石群、龙门峡摩崖石刻、长春沟塔群、黑龙潭瀑布等多处历史自然景观。,海坨山,冰山梁风景区,黑龙山森林公园
通道,138,Tongdao,1508,通道全称通道侗族自治县，位于湖南西南部，怀化市南端，是湖南最早成立的以侗族为主体，侗、汉、苗、瑶等多民族和睦共处的自治县。通道在历史上为楚越分界的走廊地带，素有“南楚极地”、“百越襟喉”之称。通道侗民族文化源远流长，民风古雅淳朴，自然风光秀美如画，境内林海莽莽，溪河清澈，自然景观美不胜收。通道还是一块红色圣地，拥有大量红军文物和遗迹。此外，通道文物众多，人文景观也是丰富多彩，是出行旅游的上佳选择。,万佛山,芋头侗寨古建筑群,皇都侗寨
洪湖,139,Honghu City,1839,洪湖市位于湖北省中南部，长江与东荆河之间，境内有大小湖泊102个，以其境内最大的湖泊――洪湖而命名。洪湖历史悠久，湖光碧波，有不少名胜古迹，旅游资源一枝独秀。不仅有三国“赤壁之战”火烧乌林的古战场、成吉思汗的后裔阿里不哥隐居的陆庄、瞿家湾的明清建筑一条街、湘鄂西革命烈士纪念馆；还有国家级珍稀动物白鳍豚自然保护区和省有洪湖湿地自然保护区；洪湖以其秀丽的湖光水色和灿烂的人文景观吸引了无数游客。,洪湖蓝田生态旅游风景区,瞿家湾革命纪念地,湘鄂西革命根据地纪念馆
琼中,140,Qiongzhong,1846,琼中黎族苗族自治县地处海南岛中部，五指山北麓，东与琼海市、万宁市交界，西与白沙黎族自治县、五指山市相连，南与保亭黎族苗族自治县、陵水黎族自治县接壤，北与儋州市、澄迈县、屯昌县毗邻。琼中为热带气候，动植物资源丰富，其中黎母山森林公园位于琼中县境内西北部，山势险峻、林海茫茫，既是海南的名山，又是黎族人民的始祖山，它拥有丰富的热带天然林，山清水秀、风光旖旎，是一个热带植物王国，也是野生动物的乐园，此外，境内的百花岭瀑布也很值得一去。,黎母山,白沙起义纪念园,百花岭风景名胜旅游区
澄迈,141,Chengmai,1335,澄迈县位于海南岛的西北部，毗邻省会海口市，与广东雷州半岛隔海相望。自西汉元封元年（公元前110年）置县，至今已有2100多年，史脉久远、人文炽盛，因古县治老城有“澄江”、“迈山”，故取山水名之首定县名为“澄迈”。著名景点有福山咖啡文化风情镇、红坎岭陶艺园、美榔姐妹塔等。,罗驿古村,美榔双塔,福山咖啡文化风情镇
同仁,142,Tong ren,1632,同仁位于青海省东部，在1949年以前的五百多年里，均由藏传佛教实行政教合一统治，并产生出了“热贡艺术”。数百年来，这里有大批艺人从事民间佛教绘塑艺术，其从艺人员之众多、群体技艺之精到，都为其它藏区所少见，故被誉为“藏族画家之乡”。在同仁，几乎每户人家都会画唐卡，每个村落都有精美的藏寺，到同仁的旅行者大多也都是为了热贡艺术而来。,隆务寺,吾屯下寺,热贡艺术馆
修武,143,Xiuwu County,1316,修武县是河南省焦作市下属的一个县。商朝时名邑，周武王伐纣途中曾在此地驻扎练武，故得名。位于河南省西北部，太行山南麓，西连焦作市，北接山西省陵川县，南邻武陟县，东和东北与获嘉县、辉县市毗邻。修武县历史悠久，自秦始皇兼并六国，设修武县至今，县名一直未变，2006年被联合国地名专家组中国分部授予“千年古县”称号。境内有李固龙山文化遗址，当阳峪瓷窑遗址，韩愈墓，胜果寺和胜果寺塔等历史文化遗址。风景秀丽，有全球首批世界地质公园、国家5A级景区云台山。,云台山,红石峡,茱萸峰
久治,144,jiuzhi county,1276,久治县是青海省果洛藏族自治州辖县，位于州境东南部，东南与四川省接壤，东北与甘肃省相邻。久治县有着久远的藏传佛教文化，全县现有藏传佛教寺院11座，有宁玛、格鲁、觉囊、格鲁派等多种派系寺院县宁玛派寺院有7座，白玉寺是国内藏区享有较高盛誉的宁玛派寺院，历史悠久，在佛教发展历史中有过不小的功绩，在国内藏区都颇有影响。这里为宗教朝觐和宗教文化旅游提供了重要场所，极其适合旅游及宗教研究。,年保玉则景区,仙女湖(希门错),妖女湖
榕江,145,RongJiang,1327,榕江县是贵州黔东南州下辖的一个县，位于贵州东南部，处在都柳江、榕江、车江的会合点上。江边多榕树故称榕江，古代称古州，为江南八百州之一。是贵州省唯一一个地跨月亮山、雷公山的县份。东邻黎平县、从江县，西与雷山县、三都县接壤，北界剑河县，南接荔波县。境内有侗、水、苗、汉等民族，民族文化底蕴深厚，民族风情原始古朴、原汁原味，旅游资源丰富。榕江还被认为是是苗、侗文化祖源地。境内最著名景点的是全国最大的侗族聚居地，有“千户侗寨”之称的车江三宝侗寨。还有摆贝苗寨、空申超短裙苗寨、晚寨侗寨等民族村寨。,大利侗寨,车江三宝侗寨,宰荡侗寨
汝城,146,Rucheng District,1407,汝城县，隶属于湖南省郴州市，与广东、江西两省接壤，有“毗连三省，水注三江（湘江、珠江、赣江）”之美称。汝城森林覆盖率73.69%，保有原始次生林13万亩，是湖南省重点林区县。境内的热水温泉是华南地区“流量最大、水温最高、水质最好、面积最广”的天然热泉，建有国家AAAA级旅游景区―福泉山庄；九龙江国家森林公园拥有华南地区保存最好、物种最多的原始次生林，被誉为“南岭植物王国”。汝城是省级历史文化名城，“汝城香火龙”入选国家级非物质文化遗产。理学家周敦颐在此著就《爱莲说》等名篇。毛泽东、朱德等老一辈无产阶级革命家曾在这里留下光辉足迹，被省政府认定为革命老游击区和第一批井冈山老区县。,湖南九龙江国家森林公园,汝城温泉文化园,湖南万时山
鹤庆,147,Heqing Country,1152,鹤庆县是云南省大理白族自治州下属的一个县，位于云南省西北部，大理白族自治州北部，是大理州的北大门。东有金沙江与永胜县分津，南与宾川县接界，西与剑川县、洱源县接壤，北与丽江市毗连。鹤庆县山川秀美，资源丰富，被誉为“泉潭之乡”、“鱼米之乡”、“中国名兰之乡”。境内旅游资源丰富，最著名的景点是银都水乡――新华村。新华村是一个集田园风光、民居、民俗和民族手工艺品生产加工为一体的典型白族聚居村寨。此外还有螺峰公园、天华洞、龙华十八寺、大龙潭旅游度假山庄、云鹤楼、文庙等景点。,石宝山,银都水乡,新华村
西湖乡,148,Xihu,1221,在西湖乡你要这样玩：先来赏桐花，顺便可探访苗栗县著名的数条古道－三湾铜镜古道、南庄圆舞场古道、狮潭凤鸣古道、公馆出矿坑古道、通宵挑盐古道和苑里香茅古道，而金龙窑和西湖度假村、挑柴古道、挑炭古道、苗栗陶艺博物馆都是赏桐花时可以顺道一游的旅游景点，不仅可一探桐花的撩人姿态也可享受苗栗的在地风情喔！,格林奇幻森林, , 
浑源,149,Hunyuan County,1112,浑源位于山西省东北部的大同盆地东南边缘，地处桑干河支流浑河中上游，境内古迹荟萃，自然景观较多。拥有李峪青铜器遗址、李峪庙坡彩陶文化遗址、麻庄汉墓群、古长城、古城堡、古峰火台、古磁窑遗址、古州衙等文物胜迹，还有北岳恒山、千佛岭、龙山、卧羊场山、穆桂英山、胡子岭、马鬃崖、翠屏山、抢风岭等自然景观，蜿蜒起伏，奔腾如行，风光旖旎。境内还有被誉为“北方第一泉”的汤头温泉，温泉水含有38种对人体有益的微量元素，具有较高的保健、医疗价值。,悬空寺,恒山,恒山壮观碑
綦江,150,Qijiang,1171,重庆綦江的綦江国家地质公园由木化石、老瀛山、古剑山三个景区组成。当来到古剑山时就感觉仿佛来到了森林氧吧一般，空气的清新是很多山都无法比拟的。而且整个景区的安静让人的心顿时就沉寂下来了，仿佛城市的喧嚣真的远去了。还有丁山湖，它位于綦江区丁山镇，是集人文景观与自然景观于一体的高山湖泊型风景旅游区。主要景点有金山寺、白鹤林、渝贵界碑等。著名的东溪古镇位于綦江区南部，原名万寿场，始建于唐代。2005年，东溪古镇被命名为重庆历史文化名镇。,万盛黑山谷,万盛奥陶纪,东溪古镇
昆仑山,151,Kunlun Mountains,1449,昆仑山西起帕米尔高原东部，东到柴达木河上游谷地，北邻塔里木盆地与柴达木盆地，横贯新疆、西藏间，延伸至青海境内，在中华民族的文化史上具有“万山之祖”的显赫地位，古人称昆仑山为中华“龙脉之祖”，传说是西王母所居住之地。古书载昆仑山是玉龙腾空之地，素有亚洲脊柱之称。,昆仑神泉,西大滩,三岔河特大桥
可可托海,152,Fuyun,1150,富蕴县位于新疆北部，阿尔泰山中段南麓，额尔齐斯河上游，县境内气候宜人，环境优美，是天然的旅游胜地。富蕴县南部有卡拉麦里自然保护区，保护区野生动物种类繁多，还有硅化木、五彩城、滴水泉等；北有高山湖泊、温泉、岩画、石刻等。世界地理界久负盛名的地理三号坑也位于富蕴县，这里有80多种稀有金属矿藏，分层储藏，露天开采，现在还能清晰地看见层层的矿脉，是世界地理学者向往的圣地。,可可托海景区,可可苏里,可可托海白桦林
柯桥,153,Keqiao,1178,"柯桥区地处浙江省绍兴市北部富庶的宁绍平原，素有""金柯桥""之美称，极具""东方威尼斯""之特色。柯桥文化底蕴厚重，千年历史，物竞风流，古街、纤道、雨廊，勾勒出浓郁的水乡风情。拥有亚洲最大的布匹集散中心--中国轻纺城，可谓""赤橙黄绿紫五彩缤纷，东西南北中万商云集""。",柯岩风景区,安昌古镇,兰亭景区
绥化,154,Suihua City,1672,绥化市位于黑龙江省中南部，松嫩平原的呼兰河流域，其地域轮廓犹如在松花江、 嫩江汇合段上跃向小兴安岭西麓的一条鲤鱼，斜卧在黑龙江大地上。西部为广阔的草原，江河沟泡遍布全区，动植物资源十分丰富。金斗湾旅游区是以森林、湖泊、河流、田间风光为主体，集休闲度假、健身娱乐、风光浏览等多功能于一体的综合性生态旅游区。,东林寺,红光寺,海北镇天主教堂
互助,155,Tu Autonomous County of Huzhu,1813,互助县位于青海省东北部，是全国唯一的土族自治县。土族妇女的袖子用红、黄、黑、绿、白等不同颜色拼成，恰似天上彩虹，因此，这里被誉为“彩虹的故乡”。互助土族自治县位于青海省东北部，地处青藏高原与黄土高原结合部，独特的地理位置，使这里形成了独特的自然景观，另外，土族世代在这里繁衍生息，使这里形成了独特的人文景观。这些独特的自然景观和人文景观吸引了众多中外游客前来观光旅游。,互助北山国家森林公园(北山林场),扎龙沟,互助北山国家森林地质公园
比如,156,Biru County,1162,"比如县是那曲地区下辖县，地处那曲地区东部、唐古拉山和念青唐古拉山之间，属怒江上游流域，比如藏语意为""母牦牛群""。地形以以低山丘陵为主，间有高山峡谷，四周冰山雪峰环绕。比如历史悠久，民风古朴，自然景观多姿多彩。境内的景点有，气候宜人，环境优美的羊秀自然风景区，位于曲乡达摩寺内神秘的比如骷髅墙，以及觉沃白宗嘎尔波山等。",骷髅墙,萨普神山,达木寺
川藏北线,157,ChuanZang,1400,川藏北线沿途基本上是沿鲜水河、雅砻江而上，时有草场、峡谷、河水、河原等地形，经过优良的农区，寺院林立，景色奇丽，冰峰雪山美若云中仙子。沿途高原湖泊、雪山、温泉密布，极少有旅游者涉足，是越野探险者推崇的极品线路。川藏线海拔高，人口稀少，景色原始壮丽，以其独特的魅力吸引着越来越多的探险者。,布达拉宫,成都大熊猫繁育研究基地,宽窄巷子
灵石,158,Lingshi,1177,灵石县位于山西省中部，晋中盆地南端，四周群山环绕，山峦重叠，素有“秦晋要道，川陕通衢”之称，乃为晋中通往晋南之咽喉，自古以来就是兵家必争之地。灵石县旅游资源极为丰富，属国家级文物保护的有旌介古遗址、王家大院、资寿寺、晋祠庙、后土庙，省级文物保护单位有静升文庙，石膏山森林公园为国家级森林公园、省级风景名胜区、省级地质公园。王家大院是清代民居建筑的集大成者，由历史上灵石县四大家族之一的太原王氏后裔― 静升王家于清康熙、雍正、乾隆、嘉庆年间先后建成，建筑规模宏大，极具游览价值。,王家大院,红门堡,高家崖
昭苏,159,Zhaosu County,1251,昭苏县为中亚内陆腹地一个群山环抱的高位山间盆地，位于新疆伊犁河上游特克斯河流域，境内有哈、汉、蒙、维、回等21个民族。昭苏因出产“腾昆仑，历西极”的天马，被国家农业部命名为“中国天马之乡”，也因汉朝时著名的“乌孙国”而闻名，是新疆乌孙文化的发源地之一，自然资源和旅游资源都很丰富。有汉室细君公主墓园、富有传奇色彩的夏特古道、吸引各地疗养者的夏特温泉、新疆最大的藏传佛教寺庙－圣佑庙等，此外，昭苏县还因其丰富的资源而被称为“中国油菜之乡”、“中国褐牛之乡”。,夏塔旅游区,昭苏油菜花,阿贡盖提草原石人
永康,160,YongKang,1392,"永康市隶属于浙江省地级市金华市，位于浙江省中部的低山丘陵地区。永康历史悠久，山川秀丽。有黄帝铸鼎的美丽传说，有春秋铸剑，汉造驽机，唐铸铜铳的传统技艺，有山清水秀的田园风光和古朴纯正的乡风民俗，是闻名海内外的""五金之都""和旅游胜地。由于《天龙八部》在永康的顺利拍摄，方岩景区吸引了越来越多的影视制作者，方岩石鼓寮影视城有望成为继东阳横店后，又一个著名影视拍摄基地。",永康方岩,方岩山,五指岩
永川,161,Yongchuan District,1242,重庆永川区地处重庆西部，是重庆规划的第三大城市。永川看头十足，明媚春光里，去风光旖旎的国家森林公园―永川茶山竹海享休闲度假，看相互缠绕的3 万亩茶园和5万亩天然竹林交相辉映；到“春来花飘香，秋到果满山”的永川黄瓜山乡村旅游区赏花、狩猎、体会农家快乐；前往香海温泉泡汤喝茶，享受静谧悠闲时光……在永川不仅仅只有山水，还有充满珍奇野兽的重庆野生动物世界、古香古色的松溉古镇、卫星湖等多处景点，亲近自然、寻找悠长古韵的同时，还可以泛舟于湖上，品尝特色美食。,中国茶山竹海国家森林公园,乐和乐都主题乐园,重庆野生动物园
盘山,162,Panshan Mountain,1095,盘山位于天津市蓟县城西，似一条巨龙，盘桓于京东津北。盘山景色四季各异，以“五峰八石”、“三盘之胜”而奇特称绝。清乾隆皇帝曾 32 次游历盘山，为盘山写下了 1366 首诗词，发出了“早知有盘山， 何必下江南”的感叹。盘山景色秀美，风景迷人，如果运气好的话还可以看到云海。,盘山风景区,蓟县白塔寺,天津天成寺舍利塔
赵县,163,Zhao County,1111,赵县，古称赵州，位居河北省省会石家庄市东南40公里处。赵县位于河北平原，光热充足，地下水丰富，利于井灌，又有石津渠灌溉之利，农业发达，东部为沙质褐土，适于雪花梨生长。赵县共有文物保护单位21处，其中国家及保护文物有安济桥、永通桥、陀罗尼经 幢、大观圣作之碑、柏林寺塔，省保文物有各子汉墓群、宋子城遗址、宋村商周遗址、许家郭汉墓、禅林寺舍利塔、李宪墓。,石家庄赵县赵州桥,柏林禅寺,陀罗尼经幢
乌兰,164,Ulan County,1482,"乌兰县位于青海省海西蒙古族藏族自治州境东部，总面积10,784平方千米，2003年末总人口3.9万。以汉族为主，蒙古族为次，还有藏、回、土等20多个少数民族。此地拥有众多名胜古迹，如都兰寺，察尔汗盐湖等，人们熟知的魔鬼城，这是青海柴达木盆地南八仙、一里坪一带的雅丹地貌群，长达近百公里，宽约数十公里，风蚀残丘，姿态各异， “雅丹”是维吾尔语，意为“风化土堆群”。数千万年的风沙造就了“魔鬼城”神秘莫测、奇幻万千的风蚀土林，使之成为柴达木盆地最有魅力的旅游景点之一。",茶卡盐湖,漠河盐场,茶卡寺
浦江,165,Pujiang,1392,浦江位于浙江中部，金华市北部，历史悠久，至今已有1800多年历史，有“文化之邦”、“书画之乡”之称。有距今万年的“上山文化”遗址，是中国长江下游及东南沿海地区迄今发现的年代最早的新石器时代遗址；自宋迄明，郑氏同居15世，三朝旌表，明太祖朱元璋御赐“江南第一家”。浦江还是远近闻名的毓秀之区、休闲之地，自然景观有白石湾、神丽峡、仙华山等。浦江还有“水晶之都”、“挂锁之城”的称号，工业产业众多，是水晶、挂锁全国最大的产品集散地。,仙华山景区,浦江江南第一家,嵩溪村
小金,166,Zainlha,1384,小金县，旧名懋功，位于四川省西北部，阿坝藏族羌族自治州南端。境内河流众多，水利资源丰富，是长江流域的水源涵养、水土保持的源头之一。小金为藏、羌、回、汉民族杂居区，嘉绒藏族为主体民族，民族风情独特而多样。自然资源十分丰富，旅游资源得天独厚。境内有中国工农红军万里长征徒步翻越的第一座大雪山―夹金山，被海内外游人敬奉为“东方圣山”的四姑娘山国家风景名胜区，夹金山国家级森林公园，巴郎山抚边风景区，美兴镇风景区等景点。还有日隆喇嘛寺、锅庄坪、朝山会会址、清真寺、观音阁、革命烈士纪念塔灯文物古迹。,双桥沟,长坪沟,巴郎山
新郑,167,XinZheng City,1435,新郑的历史可以追溯到上古时代，轩辕黄帝在此建都，黄帝故里是国家4A级景区，景区分为拜祖区、故里祠区、广场区三大区域，每年都有成千上万的海内外炎黄子孙来此寻根拜祖。这里也是中华民族之母――嫘祖的故里，由于她发明了养蚕，所以称为“嫘祖始蚕”，农历六月初六是黄帝和嫘祖结婚纪念日，为缅怀嫘祖功德，2012年7月第十二届嫘祖文化节恭拜嫘祖仪式在河南新郑始祖山顶嫘祖宫前举行。此外，境内还有裴李岗遗址、郑国车马坑、郑韩故城、具茨山、郑风苑、黄帝古枣园等景点。,双鹤湖中央公园,黄帝故里,始祖山风景区
仓山,168,Cangshan District,1305,仓山区位于福建省福州市区南部南台岛上，四面环江，素有“琼花玉岛”之美称。仓山拥有多元化的旅游景观，能够满足不同游客的需求。如果你是一个自然爱好者，你可以到金山公园、烟山公园、城山猪姆猪仔风动石等景点放松身心；如果你迷恋于历史文化，那么外国领事馆聚集的烟台山地区、琉球墓园、安澜会馆将是你的必访之地；如果你对民国文人感兴趣，不妨去严复故居、蔡襄祠堂、陈若霖墓游览一番。,泛船浦天主教堂,农林大学,花海公园
芷江,169,Zhijiang,1177,芷江侗族自治县，位于湖南省西部，地处武陵山系南麓云贵高原东部余脉延伸地带，东邻中方县、鹤城区，南接洪江市、会同县，西连新晃侗族自治县及贵州省万山特区，北界麻阳苗族自治县及贵州省铜仁市。县城芷江镇距怀化市仅39公里。素有“滇黔门户、黔楚咽喉”之称。,芷江龙津风雨桥,芷江受降纪念坊,陈纳德与飞虎队纪念馆
井陉,170,Jingxing County,1231,井陉县地处太行山东麓，河北省西陲。井陉以地形而得名，境内崇山峻岭，地势险要，素有“太行八陉之第五陉，天下九塞之第六塞”之称乃冀通衢要冲，历代兵家必争之地。井陉名胜古迹众多，境内有驰名中外的国家级风景名胜区苍岩山，黄栌遍野的仙台山，此外，背水古战场、宋代古城、宋金壁画墓群、千佛岩石雕等数不胜数的自然、人文景观。,苍岩山国家级风景名胜区,石头村,石家庄井陉县仙台山风景区
凤城,171,Fengcheng City,1525,凤城市位于辽宁省东部，是丹东市代管的一个县级市。北邻本溪满族自治县，南与丹东市振安区和东港市接壤，东靠宽甸满族自治县，西与辽阳县、岫岩满族自治县毗连。森林覆盖率高，山多林密，野生资源繁多，动植物种类多样。矿产资源丰富，砂金和脉金储量较大，是全国黄金众多产区之一。历史悠久，境内旅游资源丰富。有国家4A级风景名胜区凤凰山，玉龙湖、浦石河原始森林、大梨树花果山、赛马溶洞群、爱河鸽子洞、东汤温泉和古遗址、古城堡等旅游景点。,凤凰山,蒲石河森林公园,大梨树生态旅游区
吉安乡,172,Ji'an,1193,吉安乡位于台湾花莲县东部北段，北临花莲市，东滨太平洋，西邻秀林乡，南接寿丰乡，为花莲县人口第二多的乡镇，仅次于花莲市。吉安乡过去是阿美族人蟠居之地，昔时阿美族人发现此地薪柴很多，于是称为「知卡宣」。境内气候条件优越，土壤肥沃，农业发达，花莲市三分之二蔬菜量靠吉安乡供应。境内的旅游景点有庆修院、吉安乡横断道路开凿纪念碑、胜安宫、慈惠堂、佛兴寺、南华观光花园郁金香花园、阿美文化村、秀朗兰园等等。,吉安庆修院,慈济大学,阿美文化村
河口瑶族自治县,173,Yao Autonomous County of Hekou,1221,河口夏日长，湿度大，雨量充沛，森林资源得天独厚，南溪河两岸都是热带原始沟谷雨林景观，动植物资源丰富，种类繁多，尤以江河、溶洞景观、瑶族风情著称，现辟建南溪河省级风景区。鳖和黄鱼是红河的特产，在这里还可以品尝到一些越南的土特产和风味小吃。河口的南溪河漂流极具挑战性，它集冒险、健身、娱乐、休闲、游山玩水等为一体，使游客焕发历险克难的勇气和智慧，感受游山玩水的痛快。水急滩险，集中了6个险滩和40多个急滩，此起彼伏，惊险刺激。中段波平水缓，徜徉其中，心旷神怡。下段八九公里，是中越边界河。并且中国西南地区进入东南亚最便捷的陆地通道之一。,河口南溪河漂流,花鱼洞国家森林公园, 
朝阳,174,Chaoyang,1139,朝阳市是位于辽宁省西部的一个地级市，古称“龙城”，南临河北省，北接内蒙古自治区，是东北通往关内的咽喉要道。朝阳市面向沿海，背依腹地，地理位置优越。这里历史悠久，是一座有1700多年建城史的历史文化名城，三燕古都。旅游资源丰富，境内最著名的景点是凤凰山。凤凰山被誉为“天下第一佛教圣山”，是辽西一大名山。还有鸽子洞古人类遗址、牛河梁红山文化遗址、朝阳鸟化石国家地质园等旅游景区。拥有灿烂的红山文化，被誉为“世界上第一朵花绽放的地方，第一只鸟飞起的地方”。,朝阳市古生物化石博物馆,朝阳市凤凰山风景名胜区,朝阳市北塔博物馆
石台,175,Shitai,1543,台县位于安徽省南部，皖南山区西部。东与黄山区交界，南与黟县、祁门县相连，西与东至县接壤，北与贵池区、青阳县为邻。地理坐标为北纬29°59′―30°24′，东经117°12′―117°59′。全县东西最长处70.7公里，南北最宽外46公里，总面积1413平方公里，约占全省总面积的1%。全县面积约占安徽省总面积的1%，其中88.5%是山地。石台县是安徽省生态环境最好的县份和皖南山区著名的茶乡，境内山清水秀，生态优良，旅游资源极其丰富，是安徽省“两山一湖”旅游经济圈的重要组成部分。,石台牯牛降,仙寓山,蓬莱仙洞
昌江,176,Changli,1608,昌江黎族自治县位于海南的西北部，依山面海，是中国芒果之乡。昌江的旅游资源十分丰富，除了美丽的海景，还有十里九峰，雄伟峻峭的昌化岭，中国唯一保护长臂猿及其生存环境的国家级自然保护区――霸王岭，30多公里海岸线的沙漠地带――滨海沙漠等众多景观。,棋子湾旅游度假区,霸王岭,昌化镇
雷州市,177,Leizhou City,1429,雷州市是广东省湛江市下辖的一个县级市，位于广东省西南端的雷州半岛上，两面临海。东濒南海，西靠北部湾，北与湛江市郊、遂溪县接壤，南与徐闻县毗邻，地理位置优越，素称“天南重地”。雷州市海洋资源极其丰富，是中国“南珠”的重要产地。雷州历史悠久，历史文化积淀厚重，“雷州文化”作为区域文化，名列为广东“四大文化”之一。雷州市境内文物古迹众多，有雷阳八景之一的雷祖祠，三元塔，真武堂，西湖公园，天宁寺等。,乌石镇,雷州古城,雷州西湖
塘栖,178,Tangqi,1353,塘栖，地处杭嘉湖平原南端，是浙北重镇、江南水乡名镇、属杭州临平副城副中心。塘栖水陆空交通十分便捷，浙S13申嘉湖杭高速公路穿镇而过，浙S304省道、京杭运河东西向贯穿全镇，塘康公路、拱康路、圆满路延伸段（S304省道G320国道连接线）直通杭州，距杭州主城区十五公里，水上巴士直达武林门。现辖27个村，7个社区，近10万人口，总面积79平方公里。是闻名遐迩的“鱼米之乡、花果之地、丝绸之府、枇杷之乡”。,杭州广济桥,琵琶湾生态农庄,塘栖水北粮站
德化,179,Dehua,1512,德化位于福建省 ，泉州市西北部，位于福建省中部，以“瓷”闻名天下，曾与江西景德镇、湖南醴陵并称为中国三大古瓷都，也是目前全国最大的工艺陶瓷生产和出口基地，2003年中国工艺美术协会被授予“中国瓷都”称号。德化风光优美，境内山多、水足、矿富、瓷美，素有“闽中宝库”之称。德化著名的月记窑已有近400年历史，是目前德化县保存完好、最为久远的龙窑，可以说是龙窑的活化石。此外，九仙山、革命遗址、戴云山国家自然保护区等都是德化著名景点。,德化岱仙瀑布,戴云山,德化九仙山旅游度假区
天门,180,Tian Men,1485,天门，古称竟陵，意为“陵之竟也”，1726年（清雍正四年）更名为天门，成为迄今为止中国省直辖市名称笔画最少的城市。从秦始置县算起，天门已有2000多年历史。天门是中国内陆最大的侨乡，典型的江汉水乡，中国唯一兼具东湖、西湖的城市，新型的现代化、工业化园林城市，夜景为江汉之最；是江汉地区教育、商业、医疗和房地产业最发达的地区之一，经济增速位居全省前列[1] ，连续8年进入全国最具投资潜力中小城市百强，是全国著名的棉乡、状元之乡 ，中国棉都，中国最大的棉花交易中心，全国产粮大市，中国茶城 ，中国蒸菜之乡 ，中国曲艺之乡 ，全国科技进步先进市 ，武汉城市圈成员城市，武汉城市圈西部综合交通枢纽。,陆羽纪念馆,东湖公园, 
盱眙,181,Xu Yi,1784,江苏省淮安区盱眙县位于江苏省北部，淮河下游，历史上曾是诸侯会盟的地方。曾孕育一代开国帝王朱元璋。境内古迹众多，有夏禹治水、老子炼丹的遗迹、陈婴举旗拥楚反秦的遗址、项梁、刘邦集聚的城垣、五代十国柴王寨的旧迹和岳飞与金兀术对垒的古战场等。历代文人骚客都在盱眙留下过世代传诵的名篇佳句。除此之外，盱眙还有丰富的物产资源。如矿产、牧草、中药材、生物和林木。盱眙县人均国土面积列江苏省各县（市、区）之首。境内地势西南高，多丘陵低山；东北低，多平原；呈阶梯状倾斜，高差悬殊220多米。淮河流经境内，北部濒临洪泽湖。境内有低山、丘岗、平原、河湖圩区等多种地貌。,明祖陵,铁山寺国家森林公园,盱眙第一山
吉县,182,Jixian,1477,吉县位于山西西南边隅，吕梁山南端，地处黄河中游，是山西临汾市所辖县。境内三面环山，一面滨水，地居军事要冲，有“兵家必争”之说。吉县境内气候四季分明，光照充足，种植苹果有得天独厚的土壤、气候条件，为吉县第一大支柱产业。境内有中国第二大瀑布―壶口瀑布，滔滔黄水在这里敛水成束，流水直泻，景色非常壮观。除了壶口瀑布外，还有壶口国家地质公园、万山红遍层林尽染的管头山红叶、四季风光优美，珍禽异兽众多的人祖山、现存面积最大、堆积最厚、内涵最丰富的柿子滩旧石器时代遗址等风景名胜。,山西侧壶口瀑布,小船窝景区,桃花汛
临江,183,Linjiang,1060,临江市是吉林省白山市下辖的一个县级市，位于吉林省东南部、长白山腹地、鸭绿江畔。临江市有一个边境口岸及一座桥梁通往朝鲜。临江市动植物资源丰富，素称“长白山立体资源宝库”，同时地广人稀，民风淳朴。临江拥有江心岛公园、北山公园、温泉渡假村游泳馆、溪谷庄园、鸭绿江漂流、苇沙河风景区等一批旅游景点，还可以通过临江市进行朝鲜一日游。,松岭,江心公园,四保临江纪念馆
霸州,184,Bazhou,1478,霸州位于冀中平原东部，位 于京、津、保三角地带中心，属环京津、环渤海城市群，“屏拱京都，近得宫中圣泽；翼张津卫，先迎海外长风”这就是霸州。霸州全力打造“四乡一镇”，“四乡”即温泉之乡、翰墨之乡、词赋之乡和戏曲之乡；“一镇”即胜芳古镇，初步形成了到霸州“看戏曲赏心悦目、赏丹青体味雅韵、颂词赋怡养性情、泡温泉养生健体、游古镇感悟历史”的文化旅游品牌。,胜芳古镇,张家大院,大佛禅寺
甘泉县,185,Ganquan County,1105,甘泉县是极具传统特色的地方，这里的人们善舞秧歌、跑旱船，动作敏捷优美，酷似水上漂。这里还有寺沟村遗址和史家湾遗址两处古遗址，保存完好。甘泉县内甘泉寺依山而建，山势奇峻，古柏森然，每逢古历四月十八，这里有传统庙会，群众云集，热闹非凡。,甘泉雨岔大峡谷,龙嘴,劳山公园
千灯,186,Qiandeng,1292,千灯古镇是明末清初杰出的思想家、文学家、爱国学者顾炎武先生的故乡，其名言“天下兴亡，匹夫有责”一直激励着天下无数仁人志士；镇上不仅有堪称“中国第一当”的余氏典当行，还有“江南一绝”的明清石板街和名贵的缅甸白玉精雕细琢而成释迦牟尼涅像；顾坚纪念馆、秦望山、少卿苑、延福禅寺、三桥邀月、秦峰塔等景点同样吸引无数游客前往。,千灯馆,顾坚纪念馆,余氏典当
白沙古镇,187,Baisha,1196,白沙古镇位于丽江城北约10公里，北临玉龙雪山，南至龙泉，西依芝山玉，是丽江古城景区的一部分，是丽江土司木氏家族的发源地，最原生态的纳西村落。千年来这里的纳西族人一直保持着传统的生活和劳作方式。白沙古镇里面有一个非常有名的景点“白沙壁画”，“白沙壁画”是明代纳西族社会大开放的产物，它的绘制从明初到清初，先后延续了300多年。,白沙壁画,福国寺,沙蠡故居
汨罗,188,MiLuo,1637,汨罗位于中国湖南省东北部，因汨罗江而得名。汨罗自古是湖南人杰地灵的宝地。汨罗 是伟大的爱国诗人屈原晚年生活、写作、以身殉国的地方，所以汨罗有众多的纪念屈原的名胜古迹。为纪念屈原，汨罗江畔端午节一般会从农历五月初一开始到十五日止，除办盛宴、吃粽子、插艾挂菖、喝雄黄酒、赛龙舟外，雕龙头、偷神木、唱赞词等等都有神秘的仪式和独特的文化，被列为非物质文化遗产。,屈子祠,任弼时故居,屈原墓
北部湾,189,Beibu Gulf,1469,北部湾位于我国南海的西北部，是一个半封闭的大海湾，为中越两国陆地与中国海南岛所环抱，著名的景点北海银滩，涠洲岛，钦州三娘湾等都位于北部湾地区。北部湾不仅拥有美丽的海洋景观，和丰富的鱼类资源，更是我国重要的油气产地，还是天然的深水良港，是中国接触东南亚各国的海上交通要道。,鳄鱼山火山公园,五彩滩,盛塘天主教堂
阜阳,190,Fuyang City,1598,阜阳市位于安徽省的西北部、淮北平原西部，在我国南北气候分界线秦岭、淮河一线的交界处，是安徽省人口最多的城市。历史悠久，是甘罗、管仲、鲍叔牙、吕蒙、刘福通的故里，晏殊、欧阳修、苏轼曾在此为官。地理位置优越，为皖北重要的门户。交通便捷，是安徽3大枢纽之一，拥有京九线上最大的编组站。是全国五大农民工输出源头之一。境内有文峰塔、阜阳生态园、奎星楼、颍州西湖、八里河风景区、迪沟生态乐园等景点。,八里河风景区,颍州西湖,文峰公园
阳春,191,Yang Chun County,1058,阳春，是中国广东省阳江市所辖的县级市，意取“漠水之阳，四季如春”。位于广东省西南部，漠阳江中上游，毗邻珠江三角洲、香港、澳门，是广东省面积第二大的市。阳春市森林覆盖率高，动植物资源丰富。地处祖国大陆最南端的喀斯特地貌地带，旅游资源得天独厚。省级旅游度假区，春湾凌霄风景区已成为国内特别是港台影视拍摄重要基地。还有，凌霄岩、鹅凰嶂省级自然保护区、花滩森林公园、水瀑布、春湾石林等独特的子让景观。,春湾风景区,崆峒岩风景区,玉溪三洞
昆明安宁,192,Anning City,1542,安宁市是云南省昆明市下辖的一个县级市，距昆明主城区28千米，东面和东北面与西山区接壤，西面和西北面与禄丰县交界，南面和东南面与晋宁县相连，西南面与易门县毗邻。 安宁古城连然，是昆明通往滇西的门户重镇，自古称“诸爨要冲”，被誉为“连然金方，螳川宝地”。境内矿产资源丰富，是云南省最大的钢铁、盐和磷化工基地。安宁市内最著名的景点在安宁市温泉小镇，镇中的金色川旅游区以历史悠久的“天下第一汤”温泉、宋代曹溪寺、人文墨迹荟萃的摩崖石刻群、凤山森林浴场、牧羊湖、青龙寺、青龙峡风景区等旅游资源而闻名。,青龙峡风景区,螳螂川,温泉摩崖石刻群
祁县,193,qi xian,1212,祁县位于山西省中部，太岳山北麓，太原盆地南部，汾河东岸。祁县历史可以追溯到新石器时代，早在距今五千年以前的母系氏族公社时期，先民们就在祁县这块土地上繁衍生息，为国家历史文化名城之一。祁县素以文风著称，祁县图书馆现有藏书11.7万册，其中古籍图书5.03万册，善本图书3万余册，数量之多，版本之精，为县级图书馆少有。祁县最为著名景点为乔家大院，电影《大红灯笼高高挂》和电视连续剧《乔家大院》的所有场景都在乔家大院拍摄，成为祁县最著名的旅游景点。,乔家大院,渠家大院,昭馀古城
石棉县,194,Shimian County,1242,石棉县是雅安市所辖的一个县。地处四川省西南部，雅安市最南端，东连汉源县、甘洛县，南接越西县、冕宁县，西依九龙县、康定县、北与泸定县毗邻。石棉县境内自然和旅游资源丰富。有闻名古今中外的红军强渡大渡河胜利纪念地安顺场和太平天国翼王石达开全军覆没遗址；有与海螺沟冰川公园相毗邻的贡嘎山南坡的省级风景区田湾河自然风景区。,孟获城,安顺场,中国工农红军强渡大渡河纪念馆
乌尔禾,195,Wuerhe,1237,乌尔禾，又被称为魔鬼城、乌尔禾风城，位于新疆维吾尔自治区克拉玛依市乌尔禾区境内，距克拉玛依市东北90千米，乌尔禾乡东约5千米，东经85°19′，北纬46°6′（217国道310千米以东），地面海拔高程300--500米，平均海拔380米。乌尔禾呈北西一南东走向，长约5千米，宽约3千米，面积约15平方千米，由一系列近北西一南东走向的孤立台地组成。 台地高10―50米，由广泛出露的白垩系下统吐谷鲁群构成，主要岩性为浅水湖泊相灰绿色细砂岩与棕色、褐红色泥岩、砂质泥岩，吐谷鲁群略呈水平状，向东南方向微倾，倾角约5度。,克拉玛依市魔鬼城景区,乌尔禾胡杨林,艾里克湖
钟祥,196,Zhongxiang,1349,钟祥市，隶属于湖北省，位于湖北省中部，汉江中下游，版土面积4488平方公里，人口105万人，现辖17个（乡镇）街办、3个国营农牧尝2个省级经济技术开发区。钟祥市是中国历史文化名城，中国优秀旅游城市，中国长寿之乡，世界文化遗产地，国家社会发展综合实验区，全国科技、教育、文化先进县市，省级文明城市、卫生城市、园林城市，是全国特色产业集群品牌50强基地之一，是江汉平原一颗璀璨的明珠。,明显陵景区,黄仙洞,莫愁湖
周至,197,Zhouzhi County,1208,"周至县属西安市辖县，距西安市区78公里，是关中平原著名的大县之一。为千里秦岭最雄伟且资源丰富的一段。北部是一望无垠的关中平川，土肥水美。南部是重峦叠嶂、具有神奇色彩的秦岭山脉。山、川、塬、滩皆有，呈“七山一水二分田”格局。周至襟山带河，以山重水复而得名，老县城地处秦岭山脉中，四面环山，有片未曾开发过的原始森林，其中金丝猴、羚牛、豹子等常有出没，设有太白山大熊猫自然保护区,栖息着30余只大熊猫，同时还拥有冷杉、竹叶草等珍稀野生植物。我们在行车途中也常见野鸡、小松鼠等窜于路边，很有原始山林的感觉。老县城民风已不淳朴，人少， 床少 ，吃价不菲。村中家家户户之间都非常熟悉，颇有“日不闭户，路不拾遗”之古风。",楼观台国家森林公园,杨公塔,小文公庙
阳城,198,Yangcheng,1105,阳城县位于山西省东南部，东连泽州县，南邻河南省济源市，西与垣曲、沁水县相接壤，北与沁水县相邻。阳城县属于温带半湿润气候四季分明，景色秀美。阳城四面环水全县河流均属黄河水系。其具有丰厚的农产业和旅游资源，真可谓是山杰地灵的一块风水宝地。,皇城相府,阳城蟒河景区,郭峪村
屏南,199,Pingnan,1684,屏南县，地处福建省宁德市，这里是鸳鸯的故乡，也是鸳鸯猕猴自然保护区。风景秀丽，溪流纵横，奇山异水，林海苍莽，来到屏南，仿佛置身于绝美的画作之中。倦了都市的喧嚣，到屏南来亲近自然，赏天下奇景，岂不妙哉？,白水洋景区,鸳鸯溪,宁德鸳鸯溪
金堂,200,Jintang,1099,金堂县地处成都平原东北部，县境东邻中江县，西连成都市青白江区、龙泉驿区，南靠乐至县、简阳市，北接广汉市、中江县。县城距成都市中区28千米，金堂是“成都平原经济圈”内的重点发展县和成都市“特色产业发展区”。中河、毗河、北河穿城而过，有“天府花园水城”之美誉，被评为“全省县域经济发展先进县”2013中国西部百强县排名第52名。,金堂云顶山风景区,五凤溪,云顶石城
